"gene_symbol","logFC","AveExpr","t","P.Value","adj.P.Val","probe_id"
"Sele",-0.0527782382286901,6.14932482791665,-0.0873887388058209,0.932054274417565,0.97854074655416,"1388018_at"
"Selp",-0.90737287922469,6.39857239805449,-1.12944912245732,0.284568306448123,0.632820244758976,"1391946_at"
"Aqp1",0.0912803498421546,9.92984453549839,0.409435164123824,0.690685521251356,0.877856445951895,"1369625_at"
"Icam1",0.252465595327935,9.10500057301065,0.416056220210932,0.685987059497276,0.87576877890422,"1387202_at"
"Edn1",-0.261626288700767,7.19367886655182,-1.31932567741869,0.215906156956279,0.569432788038063,"1369519_at"
"Fosl1",-0.656562943798876,6.65512354611478,-2.17224088335504,0.0544430171357719,0.390949716716353,"1368489_at"
"Nos3",0.136324850660617,6.26729618494797,0.424015394525365,0.680357520957513,0.873287495538003,"1371166_at"
"Gja5",-0.249872359411619,6.70282663879201,-1.05945576089612,0.313834211264912,0.655368150291304,"1368473_at"
"Pecam1",0.054105891354121,7.06821549184335,0.334537705881154,0.744750784801094,0.903322267576452,"1371545_at"
"Vwf",0.254943487445098,7.67702310083202,1.1516083943632,0.275758707129846,0.626020230058247,"1389234_at"
"Kdr",-0.0268884772565494,7.85974153278309,-0.130327583236826,0.898841615938485,0.965413494137504,"1367948_a_at"
"Eng",0.139962944693425,7.2550064864374,0.711652438975467,0.492633812259518,0.77267623149547,"1372579_at"
