"p_val","avg_log2FC","pct.1","pct.2","p_val_adj","cluster","gene"
0,4.51251081577049,0.259,0.02,0,"ACKR1_high_endothelial","KRT7"
0,4.26837013948602,0.484,0.036,0,"ACKR1_high_endothelial","SELP"
0,4.09847084801137,0.413,0.037,0,"ACKR1_high_endothelial","MEOX1"
0,3.7493076788092,0.941,0.275,0,"ACKR1_high_endothelial","ACKR1"
0,3.52189344126834,0.327,0.039,0,"ACKR1_high_endothelial","ELOVL7"
0,3.35228282481359,0.324,0.039,0,"ACKR1_high_endothelial","CPVL"
0,3.25907656826435,0.302,0.046,0,"ACKR1_high_endothelial","ADM5"
0,3.11048701808203,0.914,0.266,0,"ACKR1_high_endothelial","AQP1"
0,2.94398253578512,0.299,0.042,0,"ACKR1_high_endothelial","TSPAN13"
5.04179381019651e-245,2.88548049924779,0.262,0.052,1.23549157318866e-240,"ACKR1_high_endothelial","DEGS2"
0,2.7861864623105,0.324,0.056,0,"ACKR1_high_endothelial","SPOCK1"
0,2.70018621090538,0.348,0.067,0,"ACKR1_high_endothelial","NOV"
0,2.63010618381352,0.816,0.151,0,"ACKR1_high_endothelial","SPRY1"
8.70390866609025e-291,2.61910828913086,0.326,0.069,2.13289281862541e-286,"ACKR1_high_endothelial","ADAMTSL1"
0,2.60363412873927,0.645,0.159,0,"ACKR1_high_endothelial","COL15A1"
0,2.5650135438218,0.553,0.136,0,"ACKR1_high_endothelial","IL3RA"
0,2.52616308642656,0.421,0.091,0,"ACKR1_high_endothelial","MET"
0,2.44100963231879,0.599,0.213,0,"ACKR1_high_endothelial","VWA1"
0,2.40871150918819,0.457,0.114,0,"ACKR1_high_endothelial","RUNDC3B"
0,2.37562345452002,0.851,0.316,0,"ACKR1_high_endothelial","LMCD1"
0,9.21726404035577,0.674,0.003,0,"Arterial_endothelial","SEMA3G"
0,8.36455531238793,0.556,0.003,0,"Arterial_endothelial","TMEM178A"
0,8.34993548352646,0.403,0.002,0,"Arterial_endothelial","GJA5"
0,8.09419655174029,0.599,0.007,0,"Arterial_endothelial","SERPINE2"
0,8.06321298111982,0.363,0.002,0,"Arterial_endothelial","LINC00982"
0,7.33026127536793,0.303,0.002,0,"Arterial_endothelial","AC004540.4"
0,6.92663988332918,0.84,0.035,0,"Arterial_endothelial","IGF2"
0,6.7992171621523,0.373,0.004,0,"Arterial_endothelial","ADRA2C"
0,6.73905969593355,0.324,0.003,0,"Arterial_endothelial","PRDM16"
0,6.47575510385369,0.38,0.007,0,"Arterial_endothelial","SYT1"
0,6.47351802705623,0.546,0.011,0,"Arterial_endothelial","HEY1"
0,6.27072790712522,0.375,0.006,0,"Arterial_endothelial","CLIC5"
0,5.98045516931242,0.467,0.015,0,"Arterial_endothelial","NEBL"
0,5.90230508574158,0.849,0.061,0,"Arterial_endothelial","CXCL12"
0,5.89564608867493,0.251,0.004,0,"Arterial_endothelial","EPHA3"
0,5.78365890305549,0.483,0.016,0,"Arterial_endothelial","PCSK5"
0,5.1439543963382,0.364,0.028,0,"Arterial_endothelial","PI16"
0,4.98219031746222,0.655,0.05,0,"Arterial_endothelial","MMP2"
0,4.95928174032748,0.708,0.051,0,"Arterial_endothelial","TSPAN2"
0,4.94189979982179,0.26,0.008,0,"Arterial_endothelial","SCD5"
0,1.93381201006592,0.456,0.177,0,"Endothelial_general","EGLN3"
1.1569378805339e-123,1.60763441997642,0.286,0.141,2.83507627624832e-119,"Endothelial_general","FAM118A"
5.15498459111762e-178,1.59626334635278,0.333,0.146,1.26322897405337e-173,"Endothelial_general","HIF3A"
0,1.54869769576425,0.73,0.43,0,"Endothelial_general","MAFB"
1.37376216836042e-133,1.40546268702612,0.338,0.173,3.36640419356721e-129,"Endothelial_general","F8"
5.15294203837555e-104,1.38985612692304,0.262,0.127,1.26272844650393e-99,"Endothelial_general","C6orf141"
1.22070838860674e-153,1.3890930505229,0.313,0.138,2.99134590628082e-149,"Endothelial_general","KIT"
8.13352350081765e-207,1.37366732896656,0.469,0.243,1.99311993387537e-202,"Endothelial_general","GJA4"
0,1.36978562095211,0.695,0.402,0,"Endothelial_general","FAM188B"
9.15672959753038e-84,1.31005936743033,0.253,0.133,2.24385658787482e-79,"Endothelial_general","PLA2R1"
1.34457785579112e-173,1.28156189259292,0.5,0.304,3.29488803561613e-169,"Endothelial_general","WFS1"
3.07324953300391e-200,1.27876017684327,0.455,0.239,7.53099798062608e-196,"Endothelial_general","DCN"
1.82882372832157e-112,1.2725463157989,0.312,0.162,4.481532546252e-108,"Endothelial_general","SCNN1B"
1.34205663097028e-164,1.26015798078997,0.388,0.195,3.28870977419267e-160,"Endothelial_general","GPR146"
5.04297767635671e-67,1.24493657432064,0.281,0.172,1.23578167959121e-62,"Endothelial_general","PLTP"
5.03741698529585e-85,1.23276859584408,0.279,0.153,1.23441903224675e-80,"Endothelial_general","PDE1A"
1.33581851091846e-215,1.21621879614585,0.598,0.365,3.27342326100568e-211,"Endothelial_general","ACKR4"
1.19811226161862e-144,1.20907251828987,0.426,0.244,2.93597409709642e-140,"Endothelial_general","PLK2"
5.78395427254559e-293,1.20880813555452,0.731,0.5,1.4173579944873e-288,"Endothelial_general","NRP2"
1.95273000314326e-116,1.19882864519945,0.375,0.213,4.78516487270255e-112,"Endothelial_general","BMP4"
0,4.54304320815468,0.292,0.022,0,"ACKR4_endothelial_like","IL1RL1"
0,2.23444818406392,0.551,0.179,0,"ACKR4_endothelial_like","SERPINE1"
9.53428332132361e-296,2.03942288219287,0.403,0.117,2.33637612789035e-291,"ACKR4_endothelial_like","TNFRSF12A"
0,1.84867071374258,0.984,0.795,0,"ACKR4_endothelial_like","MGP"
0,1.83111969294588,0.774,0.342,0,"ACKR4_endothelial_like","EFEMP1"
5.8690555961301e-301,1.77368328008022,0.412,0.116,1.43821207383168e-296,"ACKR4_endothelial_like","GPRC5A"
7.84873930063264e-237,1.75880978599743,0.342,0.098,1.92333356562003e-232,"ACKR4_endothelial_like","TRGC2"
7.90666846018557e-222,1.66166599993701,0.382,0.126,1.93752910616847e-217,"ACKR4_endothelial_like","HSPB8"
2.26294346791369e-284,1.65630761464669,0.511,0.187,5.54534296812251e-280,"ACKR4_endothelial_like","PPL"
1.47027472247406e-204,1.65084799234835,0.298,0.084,3.60290820742268e-200,"ACKR4_endothelial_like","PDE4B"
4.97718328342652e-126,1.64699071016603,0.257,0.092,1.21965876360367e-121,"ACKR4_endothelial_like","HMGA1"
0,1.64444723066297,0.998,0.935,0,"ACKR4_endothelial_like","LMNA"
2.38544775125071e-319,1.64257906944617,0.577,0.221,5.84553971443986e-315,"ACKR4_endothelial_like","PDLIM4"
0,1.59845124637039,0.967,0.725,0,"ACKR4_endothelial_like","PDLIM1"
0,1.59357056264363,0.919,0.375,0,"ACKR4_endothelial_like","HLA-DRB5"
1.60615926835873e-259,1.46828946517791,0.581,0.252,3.93589328711307e-255,"ACKR4_endothelial_like","DDR2"
7.00035494157735e-268,1.38770676870212,0.57,0.233,1.71543697843353e-263,"ACKR4_endothelial_like","PITPNC1"
1.03787078102386e-74,1.38176769786929,0.278,0.138,2.54330234889898e-70,"ACKR4_endothelial_like","KRT18"
2.82566733345165e-225,1.36661335473847,0.637,0.333,6.92429780062326e-221,"ACKR4_endothelial_like","RFK"
4.00390799389746e-320,1.36232209114176,0.791,0.426,9.81157653904573e-316,"ACKR4_endothelial_like","AKR1C2"
0,2.73985213064203,0.438,0.101,0,"PROX1_endothelial","EGR2"
0,2.42121908516426,0.741,0.272,0,"PROX1_endothelial","EGR3"
1.16699893812949e-270,2.09050687321828,0.318,0.085,2.85973089788632e-266,"PROX1_endothelial","MEST"
0,1.92329230505371,0.546,0.176,0,"PROX1_endothelial","NFKBID"
3.0228780224329e-187,1.8731132940486,0.279,0.089,7.40756259397181e-183,"PROX1_endothelial","RORB"
0,1.86911833699532,0.799,0.39,0,"PROX1_endothelial","IGFBP5"
0,1.84674389262575,0.944,0.539,0,"PROX1_endothelial","NR4A1"
0,1.81736789074868,0.665,0.309,0,"PROX1_endothelial","TNFAIP3"
7.42484543902678e-173,1.68380466742083,0.273,0.088,1.81945837483351e-168,"PROX1_endothelial","PCDH15"
1.69857625783343e-159,1.58325313148445,0.252,0.081,4.16236111982083e-155,"PROX1_endothelial","RP11-356I2.4"
6.17630499918709e-227,1.55488974798724,0.488,0.222,1.5135035400508e-222,"PROX1_endothelial","ISYNA1"
0,1.53248458473505,0.714,0.374,0,"PROX1_endothelial","RBP1"
2.47055027151262e-217,1.47979225202121,0.582,0.328,6.05408344034166e-213,"PROX1_endothelial","IFI44L"
1.14095148008146e-152,1.44831377619259,0.369,0.163,2.79590160193962e-148,"PROX1_endothelial","TNFAIP8L3"
1.71430141143571e-167,1.44476119958617,0.368,0.153,4.2008956087232e-163,"PROX1_endothelial","CLDN10"
7.62930175021989e-192,1.38434688856329,0.367,0.139,1.86956039389138e-187,"PROX1_endothelial","RGS5"
8.41264773642019e-237,1.37240302698804,0.648,0.368,2.06151932780977e-232,"PROX1_endothelial","DUSP5"
2.82032594437034e-219,1.35848811612706,0.628,0.376,6.91120872667952e-215,"PROX1_endothelial","IFI6"
7.44457106336193e-257,1.35744750565534,0.587,0.286,1.82429213907684e-252,"PROX1_endothelial","SMTN"
2.09257400778117e-213,1.31919906313302,0.519,0.248,5.12785260606775e-209,"PROX1_endothelial","CHST1"
0,4.86240061762081,0.363,0.02,0,"Activated_endothelial_SELE","MT1A"
0,4.66784096992923,0.813,0.139,0,"Activated_endothelial_SELE","MT1E"
0,4.42658222045852,0.984,0.532,0,"Activated_endothelial_SELE","MT2A"
0,4.42169615196717,0.705,0.062,0,"Activated_endothelial_SELE","MT1M"
0,4.03037264679738,0.846,0.252,0,"Activated_endothelial_SELE","MT1X"
0,3.86765592510245,0.472,0.051,0,"Activated_endothelial_SELE","ADAMTS4"
0,3.46817135619657,0.407,0.074,0,"Activated_endothelial_SELE","SELE"
0,3.28531589522447,0.448,0.067,0,"Activated_endothelial_SELE","B3GNT5"
0,3.06359998016909,0.302,0.041,0,"Activated_endothelial_SELE","RP4-549L20.3"
0,2.91364839327882,0.714,0.153,0,"Activated_endothelial_SELE","NFIL3"
0,2.88384527523714,0.768,0.224,0,"Activated_endothelial_SELE","RHOU"
0,2.81314930459547,0.64,0.148,0,"Activated_endothelial_SELE","ITPKC"
0,2.77750246001392,0.283,0.047,0,"Activated_endothelial_SELE","STX11"
0,2.70126003313226,0.414,0.074,0,"Activated_endothelial_SELE","PIM1"
0,2.65172228836015,0.279,0.05,0,"Activated_endothelial_SELE","MSX1"
0,2.6375929445046,0.458,0.082,0,"Activated_endothelial_SELE","FOSL1"
0,2.59323793321943,0.82,0.251,0,"Activated_endothelial_SELE","MIR22HG"
0,2.56331130060979,0.803,0.224,0,"Activated_endothelial_SELE","SLC25A25"
0,2.51457148175282,0.748,0.254,0,"Activated_endothelial_SELE","FAM110D"
0,2.50116329503907,0.871,0.322,0,"Activated_endothelial_SELE","MAFF"
0,7.14079632774031,0.839,0.011,0,"Angiogenic_endothelial_like","MTRNR2L8"
0,6.52447206702022,0.882,0.029,0,"Angiogenic_endothelial_like","MTRNR2L12"
0,3.78121734541475,0.635,0.154,0,"Angiogenic_endothelial_like","PLCG2"
0,3.59736124165114,0.685,0.122,0,"Angiogenic_endothelial_like","DES"
0,3.21208045900902,0.486,0.098,0,"Angiogenic_endothelial_like","ACTG2"
6.66626545969305e-253,2.90615202356214,0.295,0.071,1.63356835089778e-248,"Angiogenic_endothelial_like","CKB"
1.40104344285862e-254,2.51403893155307,0.346,0.096,3.43325695672505e-250,"Angiogenic_endothelial_like","CNN1"
2.01276837105074e-238,2.41905286845987,0.378,0.123,4.93228889325985e-234,"Angiogenic_endothelial_like","MYLK"
3.73363700352048e-171,2.39558259304601,0.51,0.312,9.14927747712694e-167,"Angiogenic_endothelial_like","DNAJB1"
0,2.29874514851923,0.674,0.254,0,"Angiogenic_endothelial_like","MYH11"
0,2.18417863969435,0.84,0.389,0,"Angiogenic_endothelial_like","TPM2"
2.04674532405161e-113,2.12413239166286,0.341,0.168,5.01554941658847e-109,"Angiogenic_endothelial_like","IER5L"
2.69810049776443e-134,2.11512208984696,0.304,0.119,6.61169526977174e-130,"Angiogenic_endothelial_like","HLA-DQA1"
3.36667106371197e-133,1.99260697696017,0.454,0.23,8.25002744162618e-129,"Angiogenic_endothelial_like","CCL2"
3.52736105672997e-89,1.94348300128678,0.359,0.212,8.6437982695168e-85,"Angiogenic_endothelial_like","UBE2S"
0,1.91341053474569,0.911,0.649,0,"Angiogenic_endothelial_like","ID1"
0,1.88247259660582,0.893,0.622,0,"Angiogenic_endothelial_like","ID3"
0,1.86221706931284,0.733,0.333,0,"Angiogenic_endothelial_like","ACTA2"
1.16876037763079e-285,1.71118910662808,0.818,0.612,2.86404730538425e-281,"Angiogenic_endothelial_like","HES1"
3.97690754217552e-69,1.70973563985379,0.598,0.569,9.74541193210111e-65,"Angiogenic_endothelial_like","HSPA1A"
