"celltype_corrected","gene","mean_expr_Diabetes_ED","mean_expr_Normal","mean_expr_non-DM_ED","sd_expr_Diabetes_ED","sd_expr_Normal","sd_expr_non-DM_ED"
"ACKR1_high_endothelial","ACKR1",2.75127415136026,2.49099009403864,2.18379411723096,0.863237105000167,0.3369958386013,0.165986193792332
"ACKR1_high_endothelial","EFNB2",0.530958496555505,0.34036151079848,0.530455708389657,0.178845923978605,0.26363354938785,0.121274710495266
"ACKR1_high_endothelial","EGLN3",0.099202787582637,0.0732009952110333,0.0242489920450943,0.100986714717979,0.105853138225945,0.0302400905547331
"ACKR1_high_endothelial","EPAS1",1.2159366064353,0.987892895623479,1.25571922784205,0.111034720219481,0.107888829494947,0.239059978202154
"ACKR1_high_endothelial","GJA5",0,0,0.00172469706232769,0,0,0.00298726293961635
"ACKR1_high_endothelial","NOS3",0.269250557410022,0.104221225518783,0.145782250956317,0.160382288668464,0.0930162452109717,0.0110480922840513
"ACKR1_high_endothelial","SELE",0.744359305830981,0.201323991813134,0.329672967391074,0.454166013092511,0.180000381137669,0.242651095283963
"Activated_endothelial_SELE","ACKR1",2.1803171224867,0.262474103986013,0.899510528468605,0.252830474195535,NA,NA
"Activated_endothelial_SELE","EFNB2",0.926299283006365,1.11237368165962,1.02456115821002,0.634530479955374,NA,NA
"Activated_endothelial_SELE","EGLN3",0.116398145397788,0.269016185380431,0.121629503490691,0.164611835856627,NA,NA
"Activated_endothelial_SELE","EPAS1",0.903791912728724,1.31835410081753,1.42771876645712,0.220768067751852,NA,NA
"Activated_endothelial_SELE","GJA5",0,0,0.00111365328181757,0,NA,NA
"Activated_endothelial_SELE","NOS3",0,0,0.127341258683612,0,NA,NA
"Activated_endothelial_SELE","SELE",1.68090842393778,0,0.848004866254963,0.721477362154505,NA,NA
"Arterial_endothelial","ACKR1",0.0956616941953893,0.0298313225060603,0.0616520454640032,0.115751878142984,0.0144792579488453,0.0073102136579989
"Arterial_endothelial","EFNB2",1.34939038242928,1.47373332396231,1.41134989060621,0.0136626869789556,0.257891595901494,0.303300071491906
"Arterial_endothelial","EGLN3",0.0156938536326891,0.140434937557359,0.0463512991880987,0.00135581738849455,0.0408310137799127,0.0209144289644693
"Arterial_endothelial","EPAS1",2.02970523358005,2.02657679553992,2.09655560186611,0.0725253918059219,0.235122236501918,0.258911349668245
"Arterial_endothelial","GJA5",0.818182780865677,0.515650283993192,0.601692552854833,0.66894282329478,0.0542076103234737,0.250060020925562
"Arterial_endothelial","NOS3",0.313824639320465,0.225437148833423,0.303292146170958,0.192435703358565,0.0203052728899773,0.0950292249110911
"Arterial_endothelial","SELE",0.00889071405907697,0.00359058538847056,0.0285320077444963,0.00522318902162326,0.00621907632174544,0.0349002962874929
"Endothelial_general","ACKR1",0.73700452733844,0.484689285366467,0.349057266400524,0.437621323701371,0.242756834467438,0.313528409833796
"Endothelial_general","EFNB2",0.93027325134846,1.10929560320835,0.686973553953928,0.179546242903738,0.260692963791681,0.631449778070875
"Endothelial_general","EGLN3",0.164318244661521,0.44346701576523,0.21061589622379,0.172154795708719,0.284056662948304,0.204918505203909
"Endothelial_general","EPAS1",1.16057066732715,1.16799132978345,0.954239134240334,0.259745128124398,0.318041461796415,0.492254816355821
"Endothelial_general","GJA5",0,0.000474863290473598,0,0,0.000475772949547534,0
"Endothelial_general","NOS3",0.14264484723615,0.12721030141621,0.094143357504671,0.0755143115349948,0.0191811923261798,0.0862872602700429
"Endothelial_general","SELE",0.0184153082499268,0.0220005630818464,0.0230807392265025,0.0260431786823276,0.0342023295794497,0.0266852526734454
