"group","celltype","n_samples","mean_percent","sd_percent","median_percent","min_percent","max_percent"
"Normal","ACKR1_high_endothelial",3,13.7048263150794,17.1399207428852,7.61609907120743,0.440528634361234,33.0578512396694
"Normal","Activated_endothelial_SELE",3,0.0825593395252837,0.142996970697121,0,0,0.247678018575851
"Normal","Arterial_endothelial",3,10.5512703996085,8.0137529951818,11.2693498452012,2.20264317180617,18.1818181818182
"Normal","Endothelial_general",3,75.6613439457868,24.7129125191125,80.8668730650155,48.7603305785124,97.3568281938326
"non-DM_ED","ACKR1_high_endothelial",3,26.1942799325977,22.1676599681158,34.5238095238095,1.06837606837607,42.9906542056075
"non-DM_ED","Activated_endothelial_SELE",3,28.978428978429,50.1921113141652,0,0,86.9352869352869
"non-DM_ED","Arterial_endothelial",3,37.2735001239674,25.9626676561015,37.553101104503,11.1721611721612,63.0952380952381
"non-DM_ED","Endothelial_general",3,7.5537909650059,10.3371752339156,2.38095238095238,0.824175824175824,19.4562446898895
"Diabetes_ED","ACKR1_high_endothelial",2,46.3856846487049,48.4172303947859,46.3856846487049,12.1495327102804,80.6218365871294
"Diabetes_ED","Activated_endothelial_SELE",2,4.38637392638244,5.6919847666215,4.38637392638244,0.361532899493854,8.41121495327103
"Diabetes_ED","Arterial_endothelial",2,36.4610997357769,27.737913340968,36.4610997357769,16.8474331164136,56.0747663551402
"Diabetes_ED","Endothelial_general",2,12.7668416891358,14.9873322871964,12.7668416891358,2.16919739696312,23.3644859813084
