"celltype_corrected","gene","n_samples_Diabetes_ED","n_samples_Normal","n_samples_non-DM_ED"
"ACKR1_high_endothelial","ACKR1",2,3,3
"ACKR1_high_endothelial","EFNB2",2,3,3
"ACKR1_high_endothelial","EGLN3",2,3,3
"ACKR1_high_endothelial","EPAS1",2,3,3
"ACKR1_high_endothelial","GJA5",2,3,3
"ACKR1_high_endothelial","NOS3",2,3,3
"ACKR1_high_endothelial","SELE",2,3,3
"Activated_endothelial_SELE","ACKR1",2,1,1
"Activated_endothelial_SELE","EFNB2",2,1,1
"Activated_endothelial_SELE","EGLN3",2,1,1
"Activated_endothelial_SELE","EPAS1",2,1,1
"Activated_endothelial_SELE","GJA5",2,1,1
"Activated_endothelial_SELE","NOS3",2,1,1
"Activated_endothelial_SELE","SELE",2,1,1
"Arterial_endothelial","ACKR1",2,3,3
"Arterial_endothelial","EFNB2",2,3,3
"Arterial_endothelial","EGLN3",2,3,3
"Arterial_endothelial","EPAS1",2,3,3
"Arterial_endothelial","GJA5",2,3,3
"Arterial_endothelial","NOS3",2,3,3
"Arterial_endothelial","SELE",2,3,3
"Endothelial_general","ACKR1",2,3,3
"Endothelial_general","EFNB2",2,3,3
"Endothelial_general","EGLN3",2,3,3
"Endothelial_general","EPAS1",2,3,3
"Endothelial_general","GJA5",2,3,3
"Endothelial_general","NOS3",2,3,3
"Endothelial_general","SELE",2,3,3
