"celltype","cell_number"
"ACKR1_endothelial",1811
"ACKR1_high_endothelial",1872
"ACKR4_endothelial",2430
"Activated_endothelial_SELE",2866
"Activated_stromal_PGF",1896
"Angiogenic_endothelial",2076
"Arterial_endothelial",1413
"CCL14_stromal",4927
"CTGF_activated_stromal",2606
"Cytotoxic_NK_T",1665
"Endothelial_general",4109
"Epithelial_like_unresolved",778
"Fibroblast_COL1A1",2238
"Fibroblast_matrix",7751
"Hypoxic_perivascular",1448
"LRRC15_fibroblast",399
"Macrophage",1921
"Pericyte_1",4004
"Pericyte_2",424
"PROX1_endothelial",2879
"PTGDS_stromal",6211
"RARRES1_stromal",2673
"Schwann_neural_glia",119
"Smooth_muscle",3156
"Stress_response_state",3098
"T_cell",223
