"sample_id","celltype","cell_number"
"GSM6255907_Normal_1","ACKR1_endothelial",234
"GSM6255908_Normal_2","ACKR1_endothelial",74
"GSM6255909_Normal_3","ACKR1_endothelial",323
"GSM6255910_non-DM1","ACKR1_endothelial",10
"GSM6255911_non-DM2","ACKR1_endothelial",40
"GSM6255912_non-DM3","ACKR1_endothelial",336
"GSM6255913_Diabetes_1","ACKR1_endothelial",570
"GSM6255914_Diabetes_2","ACKR1_endothelial",224
"GSM6255907_Normal_1","ACKR1_high_endothelial",40
"GSM6255908_Normal_2","ACKR1_high_endothelial",123
"GSM6255909_Normal_3","ACKR1_high_endothelial",11
"GSM6255910_non-DM1","ACKR1_high_endothelial",35
"GSM6255911_non-DM2","ACKR1_high_endothelial",29
"GSM6255912_non-DM3","ACKR1_high_endothelial",506
"GSM6255913_Diabetes_1","ACKR1_high_endothelial",1115
"GSM6255914_Diabetes_2","ACKR1_high_endothelial",13
"GSM6255907_Normal_1","ACKR4_endothelial",2
"GSM6255908_Normal_2","ACKR4_endothelial",3
"GSM6255909_Normal_3","ACKR4_endothelial",0
"GSM6255910_non-DM1","ACKR4_endothelial",4
"GSM6255911_non-DM2","ACKR4_endothelial",0
"GSM6255912_non-DM3","ACKR4_endothelial",34
"GSM6255913_Diabetes_1","ACKR4_endothelial",2381
"GSM6255914_Diabetes_2","ACKR4_endothelial",6
"GSM6255907_Normal_1","Activated_endothelial_SELE",0
"GSM6255908_Normal_2","Activated_endothelial_SELE",4
"GSM6255909_Normal_3","Activated_endothelial_SELE",0
"GSM6255910_non-DM1","Activated_endothelial_SELE",2848
"GSM6255911_non-DM2","Activated_endothelial_SELE",0
"GSM6255912_non-DM3","Activated_endothelial_SELE",0
"GSM6255913_Diabetes_1","Activated_endothelial_SELE",5
"GSM6255914_Diabetes_2","Activated_endothelial_SELE",9
"GSM6255907_Normal_1","Activated_stromal_PGF",0
"GSM6255908_Normal_2","Activated_stromal_PGF",2
"GSM6255909_Normal_3","Activated_stromal_PGF",0
"GSM6255910_non-DM1","Activated_stromal_PGF",1860
"GSM6255911_non-DM2","Activated_stromal_PGF",0
"GSM6255912_non-DM3","Activated_stromal_PGF",1
"GSM6255913_Diabetes_1","Activated_stromal_PGF",9
"GSM6255914_Diabetes_2","Activated_stromal_PGF",24
"GSM6255907_Normal_1","Angiogenic_endothelial",0
"GSM6255908_Normal_2","Angiogenic_endothelial",0
"GSM6255909_Normal_3","Angiogenic_endothelial",0
"GSM6255910_non-DM1","Angiogenic_endothelial",6
"GSM6255911_non-DM2","Angiogenic_endothelial",3
"GSM6255912_non-DM3","Angiogenic_endothelial",20
"GSM6255913_Diabetes_1","Angiogenic_endothelial",2
"GSM6255914_Diabetes_2","Angiogenic_endothelial",2045
"GSM6255907_Normal_1","Arterial_endothelial",22
"GSM6255908_Normal_2","Arterial_endothelial",182
"GSM6255909_Normal_3","Arterial_endothelial",55
"GSM6255910_non-DM1","Arterial_endothelial",366
"GSM6255911_non-DM2","Arterial_endothelial",53
"GSM6255912_non-DM3","Arterial_endothelial",442
"GSM6255913_Diabetes_1","Arterial_endothelial",233
"GSM6255914_Diabetes_2","Arterial_endothelial",60
"GSM6255907_Normal_1","CCL14_stromal",4841
"GSM6255908_Normal_2","CCL14_stromal",27
"GSM6255909_Normal_3","CCL14_stromal",29
"GSM6255910_non-DM1","CCL14_stromal",4
"GSM6255911_non-DM2","CCL14_stromal",0
"GSM6255912_non-DM3","CCL14_stromal",11
"GSM6255913_Diabetes_1","CCL14_stromal",13
"GSM6255914_Diabetes_2","CCL14_stromal",2
"GSM6255907_Normal_1","CTGF_activated_stromal",2
"GSM6255908_Normal_2","CTGF_activated_stromal",4
"GSM6255909_Normal_3","CTGF_activated_stromal",0
"GSM6255910_non-DM1","CTGF_activated_stromal",25
"GSM6255911_non-DM2","CTGF_activated_stromal",3
"GSM6255912_non-DM3","CTGF_activated_stromal",15
"GSM6255913_Diabetes_1","CTGF_activated_stromal",2555
"GSM6255914_Diabetes_2","CTGF_activated_stromal",2
"GSM6255907_Normal_1","Cytotoxic_NK_T",116
"GSM6255908_Normal_2","Cytotoxic_NK_T",178
"GSM6255909_Normal_3","Cytotoxic_NK_T",439
"GSM6255910_non-DM1","Cytotoxic_NK_T",103
"GSM6255911_non-DM2","Cytotoxic_NK_T",126
"GSM6255912_non-DM3","Cytotoxic_NK_T",276
"GSM6255913_Diabetes_1","Cytotoxic_NK_T",133
"GSM6255914_Diabetes_2","Cytotoxic_NK_T",294
"GSM6255907_Normal_1","Endothelial_general",59
"GSM6255908_Normal_2","Endothelial_general",1306
"GSM6255909_Normal_3","Endothelial_general",2431
"GSM6255910_non-DM1","Endothelial_general",27
"GSM6255911_non-DM2","Endothelial_general",2
"GSM6255912_non-DM3","Endothelial_general",229
"GSM6255913_Diabetes_1","Endothelial_general",30
"GSM6255914_Diabetes_2","Endothelial_general",25
"GSM6255907_Normal_1","Epithelial_like_unresolved",57
"GSM6255908_Normal_2","Epithelial_like_unresolved",87
"GSM6255909_Normal_3","Epithelial_like_unresolved",121
"GSM6255910_non-DM1","Epithelial_like_unresolved",32
"GSM6255911_non-DM2","Epithelial_like_unresolved",34
"GSM6255912_non-DM3","Epithelial_like_unresolved",279
"GSM6255913_Diabetes_1","Epithelial_like_unresolved",61
"GSM6255914_Diabetes_2","Epithelial_like_unresolved",107
"GSM6255907_Normal_1","Fibroblast_COL1A1",1982
"GSM6255908_Normal_2","Fibroblast_COL1A1",44
"GSM6255909_Normal_3","Fibroblast_COL1A1",18
"GSM6255910_non-DM1","Fibroblast_COL1A1",29
"GSM6255911_non-DM2","Fibroblast_COL1A1",3
"GSM6255912_non-DM3","Fibroblast_COL1A1",51
"GSM6255913_Diabetes_1","Fibroblast_COL1A1",69
"GSM6255914_Diabetes_2","Fibroblast_COL1A1",42
"GSM6255907_Normal_1","Fibroblast_matrix",91
"GSM6255908_Normal_2","Fibroblast_matrix",462
"GSM6255909_Normal_3","Fibroblast_matrix",6872
"GSM6255910_non-DM1","Fibroblast_matrix",66
"GSM6255911_non-DM2","Fibroblast_matrix",45
"GSM6255912_non-DM3","Fibroblast_matrix",116
"GSM6255913_Diabetes_1","Fibroblast_matrix",18
"GSM6255914_Diabetes_2","Fibroblast_matrix",81
"GSM6255907_Normal_1","Hypoxic_perivascular",202
"GSM6255908_Normal_2","Hypoxic_perivascular",112
"GSM6255909_Normal_3","Hypoxic_perivascular",288
"GSM6255910_non-DM1","Hypoxic_perivascular",74
"GSM6255911_non-DM2","Hypoxic_perivascular",17
"GSM6255912_non-DM3","Hypoxic_perivascular",291
"GSM6255913_Diabetes_1","Hypoxic_perivascular",187
"GSM6255914_Diabetes_2","Hypoxic_perivascular",277
"GSM6255907_Normal_1","LRRC15_fibroblast",217
"GSM6255908_Normal_2","LRRC15_fibroblast",26
"GSM6255909_Normal_3","LRRC15_fibroblast",131
"GSM6255910_non-DM1","LRRC15_fibroblast",9
"GSM6255911_non-DM2","LRRC15_fibroblast",1
"GSM6255912_non-DM3","LRRC15_fibroblast",3
"GSM6255913_Diabetes_1","LRRC15_fibroblast",1
"GSM6255914_Diabetes_2","LRRC15_fibroblast",11
"GSM6255907_Normal_1","Macrophage",329
"GSM6255908_Normal_2","Macrophage",154
"GSM6255909_Normal_3","Macrophage",379
"GSM6255910_non-DM1","Macrophage",62
"GSM6255911_non-DM2","Macrophage",38
"GSM6255912_non-DM3","Macrophage",270
"GSM6255913_Diabetes_1","Macrophage",263
"GSM6255914_Diabetes_2","Macrophage",426
"GSM6255907_Normal_1","Pericyte_1",46
"GSM6255908_Normal_2","Pericyte_1",91
"GSM6255909_Normal_3","Pericyte_1",108
"GSM6255910_non-DM1","Pericyte_1",134
"GSM6255911_non-DM2","Pericyte_1",53
"GSM6255912_non-DM3","Pericyte_1",1689
"GSM6255913_Diabetes_1","Pericyte_1",699
"GSM6255914_Diabetes_2","Pericyte_1",1184
"GSM6255907_Normal_1","Pericyte_2",4
"GSM6255908_Normal_2","Pericyte_2",5
"GSM6255909_Normal_3","Pericyte_2",29
"GSM6255910_non-DM1","Pericyte_2",5
"GSM6255911_non-DM2","Pericyte_2",4
"GSM6255912_non-DM3","Pericyte_2",189
"GSM6255913_Diabetes_1","Pericyte_2",51
"GSM6255914_Diabetes_2","Pericyte_2",137
"GSM6255907_Normal_1","PROX1_endothelial",5
"GSM6255908_Normal_2","PROX1_endothelial",2
"GSM6255909_Normal_3","PROX1_endothelial",2
"GSM6255910_non-DM1","PROX1_endothelial",62
"GSM6255911_non-DM2","PROX1_endothelial",820
"GSM6255912_non-DM3","PROX1_endothelial",1847
"GSM6255913_Diabetes_1","PROX1_endothelial",57
"GSM6255914_Diabetes_2","PROX1_endothelial",84
"GSM6255907_Normal_1","PTGDS_stromal",27
"GSM6255908_Normal_2","PTGDS_stromal",55
"GSM6255909_Normal_3","PTGDS_stromal",8
"GSM6255910_non-DM1","PTGDS_stromal",69
"GSM6255911_non-DM2","PTGDS_stromal",1500
"GSM6255912_non-DM3","PTGDS_stromal",4360
"GSM6255913_Diabetes_1","PTGDS_stromal",40
"GSM6255914_Diabetes_2","PTGDS_stromal",152
"GSM6255907_Normal_1","RARRES1_stromal",10
"GSM6255908_Normal_2","RARRES1_stromal",2576
"GSM6255909_Normal_3","RARRES1_stromal",27
"GSM6255910_non-DM1","RARRES1_stromal",11
"GSM6255911_non-DM2","RARRES1_stromal",13
"GSM6255912_non-DM3","RARRES1_stromal",12
"GSM6255913_Diabetes_1","RARRES1_stromal",18
"GSM6255914_Diabetes_2","RARRES1_stromal",6
"GSM6255907_Normal_1","Schwann_neural_glia",0
"GSM6255908_Normal_2","Schwann_neural_glia",16
"GSM6255909_Normal_3","Schwann_neural_glia",2
"GSM6255910_non-DM1","Schwann_neural_glia",10
"GSM6255911_non-DM2","Schwann_neural_glia",21
"GSM6255912_non-DM3","Schwann_neural_glia",56
"GSM6255913_Diabetes_1","Schwann_neural_glia",3
"GSM6255914_Diabetes_2","Schwann_neural_glia",11
"GSM6255907_Normal_1","Smooth_muscle",54
"GSM6255908_Normal_2","Smooth_muscle",19
"GSM6255909_Normal_3","Smooth_muscle",272
"GSM6255910_non-DM1","Smooth_muscle",34
"GSM6255911_non-DM2","Smooth_muscle",40
"GSM6255912_non-DM3","Smooth_muscle",90
"GSM6255913_Diabetes_1","Smooth_muscle",531
"GSM6255914_Diabetes_2","Smooth_muscle",2116
"GSM6255907_Normal_1","Stress_response_state",0
"GSM6255908_Normal_2","Stress_response_state",3
"GSM6255909_Normal_3","Stress_response_state",0
"GSM6255910_non-DM1","Stress_response_state",20
"GSM6255911_non-DM2","Stress_response_state",1
"GSM6255912_non-DM3","Stress_response_state",12
"GSM6255913_Diabetes_1","Stress_response_state",0
"GSM6255914_Diabetes_2","Stress_response_state",3062
"GSM6255907_Normal_1","T_cell",17
"GSM6255908_Normal_2","T_cell",16
"GSM6255909_Normal_3","T_cell",99
"GSM6255910_non-DM1","T_cell",1
"GSM6255911_non-DM2","T_cell",7
"GSM6255912_non-DM3","T_cell",44
"GSM6255913_Diabetes_1","T_cell",14
"GSM6255914_Diabetes_2","T_cell",25
