"cluster","transferred_state","spot_number"
"0","ACKR1_high_endothelial",0
"1","ACKR1_high_endothelial",4
"2","ACKR1_high_endothelial",189
"3","ACKR1_high_endothelial",0
"4","ACKR1_high_endothelial",118
"5","ACKR1_high_endothelial",6
"6","ACKR1_high_endothelial",0
"7","ACKR1_high_endothelial",0
"0","Activated_endothelial_SELE",0
"1","Activated_endothelial_SELE",6
"2","Activated_endothelial_SELE",160
"3","Activated_endothelial_SELE",0
"4","Activated_endothelial_SELE",282
"5","Activated_endothelial_SELE",13
"6","Activated_endothelial_SELE",0
"7","Activated_endothelial_SELE",0
"0","Arterial_endothelial",0
"1","Arterial_endothelial",1
"2","Arterial_endothelial",131
"3","Arterial_endothelial",0
"4","Arterial_endothelial",87
"5","Arterial_endothelial",35
"6","Arterial_endothelial",0
"7","Arterial_endothelial",0
"0","Endothelial_general_or_mixed",0
"1","Endothelial_general_or_mixed",6
"2","Endothelial_general_or_mixed",308
"3","Endothelial_general_or_mixed",0
"4","Endothelial_general_or_mixed",121
"5","Endothelial_general_or_mixed",36
"6","Endothelial_general_or_mixed",0
"7","Endothelial_general_or_mixed",0
"0","Not_endothelial_region",1107
"1","Not_endothelial_region",939
"2","Not_endothelial_region",162
"3","Not_endothelial_region",784
"4","Not_endothelial_region",5
"5","Not_endothelial_region",7
"6","Not_endothelial_region",81
"7","Not_endothelial_region",39
