"cluster","broad_ACKR1_SELE_state","spot_number"
"0","ACKR1_high_SELE_high",0
"1","ACKR1_high_SELE_high",8
"2","ACKR1_high_SELE_high",306
"3","ACKR1_high_SELE_high",0
"4","ACKR1_high_SELE_high",338
"5","ACKR1_high_SELE_high",0
"6","ACKR1_high_SELE_high",0
"7","ACKR1_high_SELE_high",0
"0","ACKR1_high_SELE_low",0
"1","ACKR1_high_SELE_low",3
"2","ACKR1_high_SELE_low",230
"3","ACKR1_high_SELE_low",0
"4","ACKR1_high_SELE_low",78
"5","ACKR1_high_SELE_low",0
"6","ACKR1_high_SELE_low",0
"7","ACKR1_high_SELE_low",0
"0","ACKR1_low_SELE_high",0
"1","ACKR1_low_SELE_high",3
"2","ACKR1_low_SELE_high",146
"3","ACKR1_low_SELE_high",0
"4","ACKR1_low_SELE_high",148
"5","ACKR1_low_SELE_high",0
"6","ACKR1_low_SELE_high",0
"7","ACKR1_low_SELE_high",0
"0","ACKR1_low_SELE_low",0
"1","ACKR1_low_SELE_low",3
"2","ACKR1_low_SELE_low",106
"3","ACKR1_low_SELE_low",0
"4","ACKR1_low_SELE_low",44
"5","ACKR1_low_SELE_low",1
"6","ACKR1_low_SELE_low",0
"7","ACKR1_low_SELE_low",0
