"cluster","broad_region","spot_number"
"0","ACKR1_SELE_activated_endothelial",0
"1","ACKR1_SELE_activated_endothelial",17
"2","ACKR1_SELE_activated_endothelial",788
"3","ACKR1_SELE_activated_endothelial",0
"4","ACKR1_SELE_activated_endothelial",608
"5","ACKR1_SELE_activated_endothelial",1
"6","ACKR1_SELE_activated_endothelial",0
"7","ACKR1_SELE_activated_endothelial",0
"0","Fibroblast_macrophage_rich",0
"1","Fibroblast_macrophage_rich",913
"2","Fibroblast_macrophage_rich",29
"3","Fibroblast_macrophage_rich",0
"4","Fibroblast_macrophage_rich",5
"5","Fibroblast_macrophage_rich",4
"6","Fibroblast_macrophage_rich",0
"7","Fibroblast_macrophage_rich",0
"0","GJA5_arterial_endothelial",0
"1","GJA5_arterial_endothelial",0
"2","GJA5_arterial_endothelial",0
"3","GJA5_arterial_endothelial",0
"4","GJA5_arterial_endothelial",0
"5","GJA5_arterial_endothelial",89
"6","GJA5_arterial_endothelial",0
"7","GJA5_arterial_endothelial",0
"0","Low_information_spatial_region",0
"1","Low_information_spatial_region",0
"2","Low_information_spatial_region",26
"3","Low_information_spatial_region",783
"4","Low_information_spatial_region",0
"5","Low_information_spatial_region",0
"6","Low_information_spatial_region",0
"7","Low_information_spatial_region",0
"0","Plasma_cell_perivascular_immune",0
"1","Plasma_cell_perivascular_immune",0
"2","Plasma_cell_perivascular_immune",0
"3","Plasma_cell_perivascular_immune",0
"4","Plasma_cell_perivascular_immune",0
"5","Plasma_cell_perivascular_immune",0
"6","Plasma_cell_perivascular_immune",81
"7","Plasma_cell_perivascular_immune",0
"0","Schwann_neural_rich",0
"1","Schwann_neural_rich",0
"2","Schwann_neural_rich",0
"3","Schwann_neural_rich",0
"4","Schwann_neural_rich",0
"5","Schwann_neural_rich",0
"6","Schwann_neural_rich",0
"7","Schwann_neural_rich",36
"0","Smooth_muscle_rich",1107
"1","Smooth_muscle_rich",26
"2","Smooth_muscle_rich",107
"3","Smooth_muscle_rich",1
"4","Smooth_muscle_rich",0
"5","Smooth_muscle_rich",3
"6","Smooth_muscle_rich",0
"7","Smooth_muscle_rich",3
