"cluster","celltype"
"0","Fibroblast_matrix"
"1","PTGDS_stromal"
"2","CCL14_stromal"
"3","Endothelial_general"
"4","Pericyte_1"
"5","Smooth_muscle"
"6","Stress_response_state"
"7","PROX1_endothelial"
"8","Activated_endothelial_SELE"
"9","RARRES1_stromal"
"10","CTGF_activated_stromal"
"11","ACKR4_endothelial_like"
"12","Fibroblast_COL1A1"
"13","Angiogenic_endothelial_like"
"14","Macrophage"
"15","Activated_stromal_PGF"
"16","ACKR1_high_endothelial"
"17","ACKR1_stromal_perivascular"
"18","Cytotoxic_NK_T"
"19","Hypoxic_perivascular"
"20","Arterial_endothelial"
"21","Epithelial_like_unresolved"
"22","Pericyte_2"
"23","LRRC15_fibroblast"
"24","T_cell"
"25","Schwann_neural_glia"
