"PC","SD","percent_variance","cumulative_percent"
1,4.98456872588158,18.083433893918,18.083433893918
2,3.04258693973005,6.73770077363185,24.8211346675499
3,2.35580815240806,4.03929495354047,28.8604296210903
4,2.00530008434001,2.9267422055579,31.7871718266482
5,1.81189490568489,2.38941581649066,34.1765876431389
6,1.69534044064325,2.09189349707278,36.2684811402117
7,1.63338353306321,1.94178915922798,38.2102702994397
8,1.58982850986147,1.83961222852974,40.0498825279694
9,1.56098009146465,1.77345614958791,41.8233386775573
10,1.50067155290137,1.63906820681111,43.4624068843684
11,1.46961505067076,1.57192893539177,45.0343358197602
12,1.46812143867645,1.56873536600588,46.6030711857661
13,1.45815494977481,1.54750862813533,48.1505798139014
14,1.43985741405766,1.50891473732359,49.659494551225
15,1.42846761601626,1.48513702258853,51.1446315738135
16,1.42650441932528,1.48105766855156,52.6256892423651
17,1.41793806207011,1.46332316380553,54.0890124061706
18,1.41438602620579,1.45600088916217,55.5450132953328
19,1.4104582985854,1.44792553444551,56.9929388297783
20,1.40914170545894,1.44522366218695,58.4381624919652
21,1.40741782179722,1.44168977554571,59.8798522675109
22,1.40622835211763,1.43925393651702,61.319106204028
23,1.40322842790685,1.43311973040131,62.7522259344293
24,1.40110404459435,1.42878374203367,64.1810096764629
25,1.39981237967936,1.42615059118589,65.6071602676488
26,1.39860273177625,1.42368684003285,67.0308471076817
27,1.39544377362498,1.41726287409831,68.44810998178
28,1.39309527601055,1.41249645111291,69.8606064328929
29,1.38885213771068,1.40390509284408,71.264511525737
30,1.38801199172215,1.40220710289646,72.6667186286334
31,1.38634307208465,1.39883715494944,74.0655557835829
32,1.38383077537031,1.39377187233572,75.4593276559186
33,1.38243589519491,1.39096348715698,76.8502911430756
34,1.38062514141169,1.38732202663351,78.2376131697091
35,1.37875477493512,1.38356569493524,79.6211788646443
36,1.37820068803792,1.38245387781572,81.00363274246
37,1.37581907668791,1.37768008385903,82.3813128263191
38,1.37349057683816,1.37302073104176,83.7543335573608
39,1.37221952678656,1.37048067639172,85.1248142337525
40,1.37132364101521,1.36869175950661,86.4935059932592
41,1.36939224056807,1.36483908720796,87.8583450804671
42,1.36828291783697,1.36262871427568,89.2209737947428
43,1.36612587784783,1.35833584795176,90.5793096426946
44,1.36460918724943,1.35532143818634,91.9346310808809
45,1.36267742459907,1.3514869246805,93.2861180055614
46,1.36137761249258,1.34890987861478,94.6350278841762
47,1.35864815686522,1.34350638325082,95.978534267427
48,1.35817431359358,1.34256942183911,97.3211036892661
49,1.35752562527201,1.34128725781163,98.6623909470777
50,1.35566297977574,1.33760905292225,100
