"group","celltype","n_samples","mean_percent","sd_percent","median_percent"
"Normal","ACKR1_high_endothelial",3,13.7048263150794,17.1399207428853,7.61609907120743
"Normal","Activated_endothelial_SELE",1,0.247678018575851,NA,0.247678018575851
"Normal","Arterial_endothelial",3,10.5512703996085,8.01375299518179,11.2693498452012
"Normal","Endothelial_general",3,75.6613439457868,24.7129125191125,80.8668730650155
"non-DM_ED","ACKR1_high_endothelial",3,26.1942799325977,22.1676599681158,34.5238095238095
"non-DM_ED","Activated_endothelial_SELE",1,86.9352869352869,NA,86.9352869352869
"non-DM_ED","Arterial_endothelial",3,37.2735001239674,25.9626676561015,37.553101104503
"non-DM_ED","Endothelial_general",3,7.55379096500592,10.3371752339157,2.38095238095238
"Diabetes_ED","ACKR1_high_endothelial",2,46.3856846487049,48.4172303947859,46.3856846487049
"Diabetes_ED","Activated_endothelial_SELE",2,4.38637392638244,5.69198476662149,4.38637392638244
"Diabetes_ED","Arterial_endothelial",2,36.4610997357769,27.737913340968,36.4610997357769
"Diabetes_ED","Endothelial_general",2,12.7668416891358,14.9873322871964,12.7668416891358
