"celltype_corrected","gene","n_samples","mean_expr_Diabetes_ED","mean_expr_Normal","mean_expr_non-DM_ED","sd_expr_Diabetes_ED","sd_expr_Normal","sd_expr_non-DM_ED"
"ACKR1_high_endothelial","ACKR1",2,2.75127415136026,NA,NA,0.863237105000167,NA,NA
"ACKR1_high_endothelial","EFNB2",2,0.530958496555505,NA,NA,0.178845923978605,NA,NA
"ACKR1_high_endothelial","EGLN3",2,0.099202787582637,NA,NA,0.100986714717979,NA,NA
"ACKR1_high_endothelial","EPAS1",2,1.2159366064353,NA,NA,0.111034720219481,NA,NA
"ACKR1_high_endothelial","GJA5",2,0,NA,NA,0,NA,NA
"ACKR1_high_endothelial","NOS3",2,0.269250557410022,NA,NA,0.160382288668464,NA,NA
"ACKR1_high_endothelial","SELE",2,0.744359305830981,NA,NA,0.454166013092511,NA,NA
"Activated_endothelial_SELE","ACKR1",2,2.1803171224867,NA,NA,0.252830474195535,NA,NA
"Activated_endothelial_SELE","EFNB2",2,0.926299283006365,NA,NA,0.634530479955374,NA,NA
"Activated_endothelial_SELE","EGLN3",2,0.116398145397788,NA,NA,0.164611835856627,NA,NA
"Activated_endothelial_SELE","EPAS1",2,0.903791912728724,NA,NA,0.220768067751852,NA,NA
"Activated_endothelial_SELE","GJA5",2,0,NA,NA,0,NA,NA
"Activated_endothelial_SELE","NOS3",2,0,NA,NA,0,NA,NA
"Activated_endothelial_SELE","SELE",2,1.68090842393778,NA,NA,0.721477362154505,NA,NA
"Arterial_endothelial","ACKR1",2,0.0956616941953893,NA,NA,0.115751878142984,NA,NA
"Arterial_endothelial","EFNB2",2,1.34939038242928,NA,NA,0.0136626869789556,NA,NA
"Arterial_endothelial","EGLN3",2,0.0156938536326891,NA,NA,0.00135581738849455,NA,NA
"Arterial_endothelial","EPAS1",2,2.02970523358005,NA,NA,0.0725253918059219,NA,NA
"Arterial_endothelial","GJA5",2,0.818182780865677,NA,NA,0.66894282329478,NA,NA
"Arterial_endothelial","NOS3",2,0.313824639320465,NA,NA,0.192435703358565,NA,NA
"Arterial_endothelial","SELE",2,0.00889071405907697,NA,NA,0.00522318902162326,NA,NA
"Endothelial_general","ACKR1",2,0.73700452733844,NA,NA,0.437621323701371,NA,NA
"Endothelial_general","EFNB2",2,0.93027325134846,NA,NA,0.179546242903738,NA,NA
"Endothelial_general","EGLN3",2,0.164318244661521,NA,NA,0.172154795708719,NA,NA
"Endothelial_general","EPAS1",2,1.16057066732715,NA,NA,0.259745128124398,NA,NA
"Endothelial_general","GJA5",2,0,NA,NA,0,NA,NA
"Endothelial_general","NOS3",2,0.14264484723615,NA,NA,0.0755143115349948,NA,NA
"Endothelial_general","SELE",2,0.0184153082499268,NA,NA,0.0260431786823276,NA,NA
"ACKR1_high_endothelial","ACKR1",3,NA,2.49099009403864,2.18379411723096,NA,0.3369958386013,0.165986193792332
"ACKR1_high_endothelial","EFNB2",3,NA,0.34036151079848,0.530455708389657,NA,0.26363354938785,0.121274710495266
"ACKR1_high_endothelial","EGLN3",3,NA,0.0732009952110333,0.0242489920450943,NA,0.105853138225945,0.0302400905547331
"ACKR1_high_endothelial","EPAS1",3,NA,0.987892895623479,1.25571922784205,NA,0.107888829494947,0.239059978202154
"ACKR1_high_endothelial","GJA5",3,NA,0,0.00172469706232769,NA,0,0.00298726293961635
"ACKR1_high_endothelial","NOS3",3,NA,0.104221225518783,0.145782250956317,NA,0.0930162452109717,0.0110480922840513
"ACKR1_high_endothelial","SELE",3,NA,0.201323991813134,0.329672967391074,NA,0.180000381137669,0.242651095283963
"Activated_endothelial_SELE","ACKR1",1,NA,0.262474103986013,0.899510528468605,NA,NA,NA
"Activated_endothelial_SELE","EFNB2",1,NA,1.11237368165962,1.02456115821002,NA,NA,NA
"Activated_endothelial_SELE","EGLN3",1,NA,0.269016185380431,0.121629503490691,NA,NA,NA
"Activated_endothelial_SELE","EPAS1",1,NA,1.31835410081753,1.42771876645712,NA,NA,NA
"Activated_endothelial_SELE","GJA5",1,NA,0,0.00111365328181757,NA,NA,NA
"Activated_endothelial_SELE","NOS3",1,NA,0,0.127341258683612,NA,NA,NA
"Activated_endothelial_SELE","SELE",1,NA,0,0.848004866254963,NA,NA,NA
"Arterial_endothelial","ACKR1",3,NA,0.0298313225060603,0.0616520454640032,NA,0.0144792579488453,0.0073102136579989
"Arterial_endothelial","EFNB2",3,NA,1.47373332396231,1.41134989060621,NA,0.257891595901494,0.303300071491906
"Arterial_endothelial","EGLN3",3,NA,0.140434937557359,0.0463512991880987,NA,0.0408310137799127,0.0209144289644693
"Arterial_endothelial","EPAS1",3,NA,2.02657679553992,2.09655560186611,NA,0.235122236501918,0.258911349668245
"Arterial_endothelial","GJA5",3,NA,0.515650283993192,0.601692552854833,NA,0.0542076103234737,0.250060020925562
"Arterial_endothelial","NOS3",3,NA,0.225437148833423,0.303292146170958,NA,0.0203052728899773,0.0950292249110911
"Arterial_endothelial","SELE",3,NA,0.00359058538847056,0.0285320077444963,NA,0.00621907632174544,0.0349002962874929
"Endothelial_general","ACKR1",3,NA,0.484689285366467,0.349057266400524,NA,0.242756834467438,0.313528409833796
"Endothelial_general","EFNB2",3,NA,1.10929560320835,0.686973553953928,NA,0.260692963791681,0.631449778070875
"Endothelial_general","EGLN3",3,NA,0.44346701576523,0.21061589622379,NA,0.284056662948304,0.204918505203909
"Endothelial_general","EPAS1",3,NA,1.16799132978345,0.954239134240334,NA,0.318041461796415,0.492254816355821
"Endothelial_general","GJA5",3,NA,0.000474863290473598,0,NA,0.000475772949547534,0
"Endothelial_general","NOS3",3,NA,0.12721030141621,0.094143357504671,NA,0.0191811923261798,0.0862872602700429
"Endothelial_general","SELE",3,NA,0.0220005630818464,0.0230807392265025,NA,0.0342023295794497,0.0266852526734454
