"focal_state","neighbor_state","log2_enrichment","p_empirical","p_adj","significance"
"ACKR1_high_SELE_high","ACKR1_high_SELE_high",0.0875580509641372,0.00199600798403194,0.0063872255489022,"**"
"ACKR1_high_SELE_low","ACKR1_high_SELE_high",-0.0819902545067494,0.0199600798403194,0.03548458638279,"*"
"ACKR1_low_SELE_high","ACKR1_high_SELE_high",0.0402885200666956,0.157684630738523,0.210246174318031,""
"ACKR1_low_SELE_low","ACKR1_high_SELE_high",-0.26949303640227,0.00199600798403194,0.0063872255489022,"**"
"ACKR1_high_SELE_high","ACKR1_high_SELE_low",-0.146425416282595,0.00399201596806387,0.00912460792700314,"**"
"ACKR1_high_SELE_low","ACKR1_high_SELE_low",0.313449940963058,0.00399201596806387,0.00912460792700314,"**"
"ACKR1_low_SELE_high","ACKR1_high_SELE_low",-0.235853991328465,0.00199600798403194,0.0063872255489022,"**"
"ACKR1_low_SELE_low","ACKR1_high_SELE_low",0.0175588287475762,0.449101796407186,0.479041916167665,""
"ACKR1_high_SELE_high","ACKR1_low_SELE_high",0.0751360568626931,0.029940119760479,0.0479041916167665,"*"
"ACKR1_high_SELE_low","ACKR1_low_SELE_high",-0.155440151548044,0.0119760479041916,0.0239520958083832,"*"
"ACKR1_low_SELE_high","ACKR1_low_SELE_high",0.128560295850798,0.0459081836327345,0.066775539829432,""
"ACKR1_low_SELE_low","ACKR1_low_SELE_high",0.0674323480695319,0.2375249500998,0.271457085828343,""
"ACKR1_high_SELE_high","ACKR1_low_SELE_low",-0.273763537060806,0.00199600798403194,0.0063872255489022,"**"
"ACKR1_high_SELE_low","ACKR1_low_SELE_low",-0.0861468427990259,0.177644710578842,0.218639643789344,""
"ACKR1_low_SELE_high","ACKR1_low_SELE_low",0.00887478906034101,0.481037924151697,0.481037924151697,""
"ACKR1_low_SELE_low","ACKR1_low_SELE_low",0.686253005247159,0.00199600798403194,0.0063872255489022,"**"
