"group","celltype_corrected","gene","n_samples","n_expression_values","mean_expr","sd_expr","median_expr"
"Diabetes_ED","ACKR1_high_endothelial","ACKR1",2,2,2.75127415136026,0.863237105000167,2.75127415136026
"Diabetes_ED","ACKR1_high_endothelial","CLDN5",2,2,1.19128449062493,0.594829672254143,1.19128449062493
"Diabetes_ED","ACKR1_high_endothelial","EFNB2",2,2,0.530958496555505,0.178845923978605,0.530958496555505
"Diabetes_ED","ACKR1_high_endothelial","EGLN3",2,2,0.099202787582637,0.100986714717979,0.099202787582637
"Diabetes_ED","ACKR1_high_endothelial","EMCN",2,2,1.59182430326873,0.114973689937492,1.59182430326873
"Diabetes_ED","ACKR1_high_endothelial","EPAS1",2,2,1.2159366064353,0.111034720219481,1.2159366064353
"Diabetes_ED","ACKR1_high_endothelial","GJA5",2,2,0,0,0
"Diabetes_ED","ACKR1_high_endothelial","KDR",2,2,0.579751461668946,0.0267083533074162,0.579751461668946
"Diabetes_ED","ACKR1_high_endothelial","NOS3",2,2,0.269250557410022,0.160382288668464,0.269250557410022
"Diabetes_ED","ACKR1_high_endothelial","PECAM1",2,2,1.45314301676943,0.567698512621029,1.45314301676943
"Diabetes_ED","ACKR1_high_endothelial","PLVAP",2,2,1.22100743489946,0.21186100076526,1.22100743489946
"Diabetes_ED","ACKR1_high_endothelial","ROBO4",2,2,0.335013534664191,0.00324574054999694,0.335013534664191
"Diabetes_ED","ACKR1_high_endothelial","SELE",2,2,0.744359305830981,0.454166013092511,0.744359305830981
"Diabetes_ED","ACKR1_high_endothelial","SELP",2,2,0.526559252415071,0.280802143769927,0.526559252415071
"Diabetes_ED","ACKR1_high_endothelial","SOX17",2,2,0.424264899047835,0.079130259256997,0.424264899047835
"Diabetes_ED","ACKR1_high_endothelial","VWF",2,2,2.36976279171916,0.060803683334314,2.36976279171916
"Diabetes_ED","Activated_endothelial_SELE","ACKR1",2,2,2.1803171224867,0.252830474195535,2.1803171224867
"Diabetes_ED","Activated_endothelial_SELE","CLDN5",2,2,1.03044890026638,0.0842621797778429,1.03044890026638
"Diabetes_ED","Activated_endothelial_SELE","EFNB2",2,2,0.926299283006365,0.634530479955374,0.926299283006365
"Diabetes_ED","Activated_endothelial_SELE","EGLN3",2,2,0.116398145397788,0.164611835856627,0.116398145397788
"Diabetes_ED","Activated_endothelial_SELE","EMCN",2,2,1.54464479503276,0.0494798959011345,1.54464479503276
"Diabetes_ED","Activated_endothelial_SELE","EPAS1",2,2,0.903791912728724,0.220768067751852,0.903791912728724
"Diabetes_ED","Activated_endothelial_SELE","GJA5",2,2,0,0,0
"Diabetes_ED","Activated_endothelial_SELE","KDR",2,2,0.586868616236699,0.187499048434483,0.586868616236699
"Diabetes_ED","Activated_endothelial_SELE","NOS3",2,2,0,0,0
"Diabetes_ED","Activated_endothelial_SELE","PECAM1",2,2,0.952976616841223,0.322494441893328,0.952976616841223
"Diabetes_ED","Activated_endothelial_SELE","PLVAP",2,2,0.87006425507785,0.241333660803645,0.87006425507785
"Diabetes_ED","Activated_endothelial_SELE","ROBO4",2,2,0.460138072681821,0.0137636841727645,0.460138072681821
"Diabetes_ED","Activated_endothelial_SELE","SELE",2,2,1.68090842393778,0.721477362154505,1.68090842393778
"Diabetes_ED","Activated_endothelial_SELE","SELP",2,2,0.171673253784267,0.242782643798429,0.171673253784267
"Diabetes_ED","Activated_endothelial_SELE","SOX17",2,2,1.18664525740835,0.180086014367146,1.18664525740835
"Diabetes_ED","Activated_endothelial_SELE","VWF",2,2,2.42435317049797,0.135649584220652,2.42435317049797
"Diabetes_ED","Arterial_endothelial","ACKR1",2,2,0.0956616941953893,0.115751878142984,0.0956616941953893
"Diabetes_ED","Arterial_endothelial","CLDN5",2,2,2.63789655085911,0.179863695945025,2.63789655085911
"Diabetes_ED","Arterial_endothelial","EFNB2",2,2,1.34939038242928,0.0136626869789556,1.34939038242928
"Diabetes_ED","Arterial_endothelial","EGLN3",2,2,0.0156938536326891,0.00135581738849455,0.0156938536326891
"Diabetes_ED","Arterial_endothelial","EMCN",2,2,1.32060081743027,0.183128727024614,1.32060081743027
"Diabetes_ED","Arterial_endothelial","EPAS1",2,2,2.02970523358005,0.0725253918059219,2.02970523358005
"Diabetes_ED","Arterial_endothelial","GJA5",2,2,0.818182780865677,0.66894282329478,0.818182780865677
"Diabetes_ED","Arterial_endothelial","KDR",2,2,0.202495434464576,0.104207792832054,0.202495434464576
"Diabetes_ED","Arterial_endothelial","NOS3",2,2,0.313824639320465,0.192435703358565,0.313824639320465
"Diabetes_ED","Arterial_endothelial","PECAM1",2,2,2.51460984382891,0.145325066287546,2.51460984382891
"Diabetes_ED","Arterial_endothelial","PLVAP",2,2,0.317884371599937,0.0629726953175321,0.317884371599937
"Diabetes_ED","Arterial_endothelial","ROBO4",2,2,0.194626530234238,0.0736973607822213,0.194626530234238
"Diabetes_ED","Arterial_endothelial","SELE",2,2,0.00889071405907697,0.00522318902162326,0.00889071405907697
"Diabetes_ED","Arterial_endothelial","SELP",2,2,0.0712894930977712,0.0871017165502288,0.0712894930977712
"Diabetes_ED","Arterial_endothelial","SOX17",2,2,0.80649264923904,0.380018345871534,0.80649264923904
"Diabetes_ED","Arterial_endothelial","VWF",2,2,1.69325723917759,0.588017453389176,1.69325723917759
"Diabetes_ED","Endothelial_general","ACKR1",2,2,0.73700452733844,0.437621323701371,0.73700452733844
"Diabetes_ED","Endothelial_general","CLDN5",2,2,0.793554533429016,0.576305930023848,0.793554533429016
"Diabetes_ED","Endothelial_general","EFNB2",2,2,0.93027325134846,0.179546242903738,0.93027325134846
"Diabetes_ED","Endothelial_general","EGLN3",2,2,0.164318244661521,0.172154795708719,0.164318244661521
"Diabetes_ED","Endothelial_general","EMCN",2,2,1.65163992643708,0.292718013023699,1.65163992643708
"Diabetes_ED","Endothelial_general","EPAS1",2,2,1.16057066732715,0.259745128124398,1.16057066732715
"Diabetes_ED","Endothelial_general","GJA5",2,2,0,0,0
"Diabetes_ED","Endothelial_general","KDR",2,2,0.440955464680556,0.176926120192592,0.440955464680556
"Diabetes_ED","Endothelial_general","NOS3",2,2,0.14264484723615,0.0755143115349948,0.14264484723615
"Diabetes_ED","Endothelial_general","PECAM1",2,2,1.32403194883646,0.0718545004216873,1.32403194883646
"Diabetes_ED","Endothelial_general","PLVAP",2,2,1.01387152482454,0.130134254371036,1.01387152482454
"Diabetes_ED","Endothelial_general","ROBO4",2,2,0.403522545868813,0.0252635731066571,0.403522545868813
"Diabetes_ED","Endothelial_general","SELE",2,2,0.0184153082499268,0.0260431786823276,0.0184153082499268
"Diabetes_ED","Endothelial_general","SELP",2,2,0.0122723226151451,0.0173556850841562,0.0122723226151451
"Diabetes_ED","Endothelial_general","SOX17",2,2,0.145910972664581,0.154425934079789,0.145910972664581
"Diabetes_ED","Endothelial_general","VWF",2,2,1.97597997438907,0.473853919869582,1.97597997438907
"Normal","ACKR1_high_endothelial","ACKR1",3,3,2.49099009403864,0.3369958386013,2.4864951562004
"Normal","ACKR1_high_endothelial","CLDN5",3,3,1.93984727291146,0.348420956510783,1.9931755621453
"Normal","ACKR1_high_endothelial","EFNB2",3,3,0.34036151079848,0.26363354938785,0.28534163561785
"Normal","ACKR1_high_endothelial","EGLN3",3,3,0.0732009952110333,0.105853138225945,0.0250306393504755
"Normal","ACKR1_high_endothelial","EMCN",3,3,1.55246511527675,0.0687778973940067,1.54052894795885
"Normal","ACKR1_high_endothelial","EPAS1",3,3,0.987892895623479,0.107888829494947,1.00294954972827
"Normal","ACKR1_high_endothelial","GJA5",3,3,0,0,0
"Normal","ACKR1_high_endothelial","KDR",3,3,0.587087873394438,0.0338888295017501,0.604245875693047
"Normal","ACKR1_high_endothelial","NOS3",3,3,0.104221225518783,0.0930162452109717,0.133849089632381
"Normal","ACKR1_high_endothelial","PECAM1",3,3,1.48515472465144,0.212152633609992,1.45308879810774
"Normal","ACKR1_high_endothelial","PLVAP",3,3,1.19731684171152,0.190520931016137,1.11282936189806
"Normal","ACKR1_high_endothelial","ROBO4",3,3,0.707391383540822,0.194086437080675,0.682341912659843
"Normal","ACKR1_high_endothelial","SELE",3,3,0.201323991813134,0.180000381137669,0.257246464364786
"Normal","ACKR1_high_endothelial","SELP",3,3,0.439289775498363,0.0770799022012093,0.428127186963212
"Normal","ACKR1_high_endothelial","SOX17",3,3,0.427664968250598,0.284600444286277,0.357689658904299
"Normal","ACKR1_high_endothelial","VWF",3,3,2.31807059447921,0.715353388090802,2.04665256604673
"Normal","Activated_endothelial_SELE","ACKR1",1,1,0.262474103986013,NA,0.262474103986013
"Normal","Activated_endothelial_SELE","CLDN5",1,1,1.86176440165657,NA,1.86176440165657
"Normal","Activated_endothelial_SELE","EFNB2",1,1,1.11237368165962,NA,1.11237368165962
"Normal","Activated_endothelial_SELE","EGLN3",1,1,0.269016185380431,NA,0.269016185380431
"Normal","Activated_endothelial_SELE","EMCN",1,1,1.50332513444518,NA,1.50332513444518
"Normal","Activated_endothelial_SELE","EPAS1",1,1,1.31835410081753,NA,1.31835410081753
"Normal","Activated_endothelial_SELE","GJA5",1,1,0,NA,0
"Normal","Activated_endothelial_SELE","KDR",1,1,0.388920542282319,NA,0.388920542282319
"Normal","Activated_endothelial_SELE","NOS3",1,1,0,NA,0
"Normal","Activated_endothelial_SELE","PECAM1",1,1,1.81233631840923,NA,1.81233631840923
"Normal","Activated_endothelial_SELE","PLVAP",1,1,0.97829458789199,NA,0.97829458789199
"Normal","Activated_endothelial_SELE","ROBO4",1,1,0,NA,0
"Normal","Activated_endothelial_SELE","SELE",1,1,0,NA,0
"Normal","Activated_endothelial_SELE","SELP",1,1,0,NA,0
"Normal","Activated_endothelial_SELE","SOX17",1,1,0.262474103986013,NA,0.262474103986013
"Normal","Activated_endothelial_SELE","VWF",1,1,2.21896539699649,NA,2.21896539699649
"Normal","Arterial_endothelial","ACKR1",3,3,0.0298313225060603,0.0144792579488453,0.0341379960337439
"Normal","Arterial_endothelial","CLDN5",3,3,3.36841960032225,0.149192132622758,3.3152746799276
"Normal","Arterial_endothelial","EFNB2",3,3,1.47373332396231,0.257891595901494,1.46721043113316
"Normal","Arterial_endothelial","EGLN3",3,3,0.140434937557359,0.0408310137799127,0.152340437141964
"Normal","Arterial_endothelial","EMCN",3,3,1.46184890536586,0.119862901817678,1.52926874190146
"Normal","Arterial_endothelial","EPAS1",3,3,2.02657679553992,0.235122236501918,2.03992420319158
"Normal","Arterial_endothelial","GJA5",3,3,0.515650283993192,0.0542076103234737,0.517700539798641
"Normal","Arterial_endothelial","KDR",3,3,0.152230229046687,0.114180291167427,0.177938846002998
"Normal","Arterial_endothelial","NOS3",3,3,0.225437148833423,0.0203052728899773,0.23681149142693
"Normal","Arterial_endothelial","PECAM1",3,3,2.32873428687338,0.151658398055316,2.37580435902167
"Normal","Arterial_endothelial","PLVAP",3,3,0.39260047354829,0.0382836687809628,0.372692172185363
"Normal","Arterial_endothelial","ROBO4",3,3,0.418121373484478,0.0333082539048628,0.413494685734316
"Normal","Arterial_endothelial","SELE",3,3,0.00359058538847056,0.00621907632174544,0
"Normal","Arterial_endothelial","SELP",3,3,0.0424257245791892,0.0643805744628838,0.0107717561654117
"Normal","Arterial_endothelial","SOX17",3,3,1.00490317915621,0.186798615149867,1.02735335954557
"Normal","Arterial_endothelial","VWF",3,3,1.35956434299326,0.260009576202497,1.36567863030242
"Normal","Endothelial_general","ACKR1",3,3,0.484689285366467,0.242756834467438,0.587745373775459
"Normal","Endothelial_general","CLDN5",3,3,1.39757411138838,0.355874290109213,1.42093244903488
"Normal","Endothelial_general","EFNB2",3,3,1.10929560320835,0.260692963791681,1.20893365573192
"Normal","Endothelial_general","EGLN3",3,3,0.44346701576523,0.284056662948304,0.585022137310717
"Normal","Endothelial_general","EMCN",3,3,1.81476963105835,0.224445962911902,1.85965732176995
"Normal","Endothelial_general","EPAS1",3,3,1.16799132978345,0.318041461796415,1.30261958750633
"Normal","Endothelial_general","GJA5",3,3,0.000474863290473598,0.000475772949547534,0.000473049160321152
"Normal","Endothelial_general","KDR",3,3,0.49494081321932,0.185694583246332,0.514992910074425
"Normal","Endothelial_general","NOS3",3,3,0.12721030141621,0.0191811923261798,0.121094322526946
"Normal","Endothelial_general","PECAM1",3,3,1.41302422728105,0.142480189066129,1.46478810350845
"Normal","Endothelial_general","PLVAP",3,3,1.08074381562329,0.262211267181644,0.977265282969532
"Normal","Endothelial_general","ROBO4",3,3,0.517318268791401,0.0280984249499471,0.508317142402124
"Normal","Endothelial_general","SELE",3,3,0.0220005630818464,0.0342023295794497,0.00459695815062338
"Normal","Endothelial_general","SELP",3,3,0.00618465371620089,0.00535757391289984,0.00914992924531638
"Normal","Endothelial_general","SOX17",3,3,0.101820759050714,0.0166803531216123,0.0977544905470683
"Normal","Endothelial_general","VWF",3,3,2.51054674421446,0.733463059274923,2.51375064812248
"non-DM_ED","ACKR1_high_endothelial","ACKR1",3,3,2.18379411723096,0.165986193792332,2.26008510392277
"non-DM_ED","ACKR1_high_endothelial","CLDN5",3,3,1.54022171133113,0.420522858413124,1.67361658934681
"non-DM_ED","ACKR1_high_endothelial","EFNB2",3,3,0.530455708389657,0.121274710495266,0.598729103934789
"non-DM_ED","ACKR1_high_endothelial","EGLN3",3,3,0.0242489920450943,0.0302400905547331,0.0146145160019356
"non-DM_ED","ACKR1_high_endothelial","EMCN",3,3,1.74960382023829,0.225299213051288,1.65877774812967
"non-DM_ED","ACKR1_high_endothelial","EPAS1",3,3,1.25571922784205,0.239059978202154,1.12560798462284
"non-DM_ED","ACKR1_high_endothelial","GJA5",3,3,0.00172469706232769,0.00298726293961635,0
"non-DM_ED","ACKR1_high_endothelial","KDR",3,3,0.624222809722749,0.103284886429943,0.564859679464788
"non-DM_ED","ACKR1_high_endothelial","NOS3",3,3,0.145782250956317,0.0110480922840513,0.15198651362309
"non-DM_ED","ACKR1_high_endothelial","PECAM1",3,3,1.34919157698564,0.147630537346801,1.34470753563879
"non-DM_ED","ACKR1_high_endothelial","PLVAP",3,3,0.793996935999848,0.257421212989351,0.828982041102621
"non-DM_ED","ACKR1_high_endothelial","ROBO4",3,3,0.425391790684302,0.0367201955426964,0.412961328873829
"non-DM_ED","ACKR1_high_endothelial","SELE",3,3,0.329672967391074,0.242651095283963,0.254504697252553
"non-DM_ED","ACKR1_high_endothelial","SELP",3,3,0.366576117539386,0.0128741579013351,0.373933542006321
"non-DM_ED","ACKR1_high_endothelial","SOX17",3,3,0.353507346935168,0.0223769384667983,0.344738015867149
"non-DM_ED","ACKR1_high_endothelial","VWF",3,3,1.94542173203629,0.468996850665711,1.86174931075335
"non-DM_ED","Activated_endothelial_SELE","ACKR1",1,1,0.899510528468605,NA,0.899510528468605
"non-DM_ED","Activated_endothelial_SELE","CLDN5",1,1,0.979748357332722,NA,0.979748357332722
"non-DM_ED","Activated_endothelial_SELE","EFNB2",1,1,1.02456115821002,NA,1.02456115821002
"non-DM_ED","Activated_endothelial_SELE","EGLN3",1,1,0.121629503490691,NA,0.121629503490691
"non-DM_ED","Activated_endothelial_SELE","EMCN",1,1,2.14477252751969,NA,2.14477252751969
"non-DM_ED","Activated_endothelial_SELE","EPAS1",1,1,1.42771876645712,NA,1.42771876645712
"non-DM_ED","Activated_endothelial_SELE","GJA5",1,1,0.00111365328181757,NA,0.00111365328181757
"non-DM_ED","Activated_endothelial_SELE","KDR",1,1,0.272249180269415,NA,0.272249180269415
"non-DM_ED","Activated_endothelial_SELE","NOS3",1,1,0.127341258683612,NA,0.127341258683612
"non-DM_ED","Activated_endothelial_SELE","PECAM1",1,1,1.06134459971083,NA,1.06134459971083
"non-DM_ED","Activated_endothelial_SELE","PLVAP",1,1,0.750301936771283,NA,0.750301936771283
"non-DM_ED","Activated_endothelial_SELE","ROBO4",1,1,0.345269003919418,NA,0.345269003919418
"non-DM_ED","Activated_endothelial_SELE","SELE",1,1,0.848004866254963,NA,0.848004866254963
"non-DM_ED","Activated_endothelial_SELE","SELP",1,1,0.127964689216316,NA,0.127964689216316
"non-DM_ED","Activated_endothelial_SELE","SOX17",1,1,0.922976942770009,NA,0.922976942770009
"non-DM_ED","Activated_endothelial_SELE","VWF",1,1,1.87550593904008,NA,1.87550593904008
"non-DM_ED","Arterial_endothelial","ACKR1",3,3,0.0616520454640032,0.0073102136579989,0.0615551229793812
"non-DM_ED","Arterial_endothelial","CLDN5",3,3,2.75545450037819,0.15200972989127,2.77469108485792
"non-DM_ED","Arterial_endothelial","EFNB2",3,3,1.41134989060621,0.303300071491906,1.3788764526315
"non-DM_ED","Arterial_endothelial","EGLN3",3,3,0.0463512991880987,0.0209144289644693,0.0482669474722807
"non-DM_ED","Arterial_endothelial","EMCN",3,3,1.52363180496912,0.141222648194927,1.52457606306209
"non-DM_ED","Arterial_endothelial","EPAS1",3,3,2.09655560186611,0.258911349668245,2.22076770803004
"non-DM_ED","Arterial_endothelial","GJA5",3,3,0.601692552854833,0.250060020925562,0.592410238369906
"non-DM_ED","Arterial_endothelial","KDR",3,3,0.19407003193349,0.0168294879445936,0.194437587333419
"non-DM_ED","Arterial_endothelial","NOS3",3,3,0.303292146170958,0.0950292249110911,0.31960176145003
"non-DM_ED","Arterial_endothelial","PECAM1",3,3,2.31188318527948,0.021691541820728,2.30680015121419
"non-DM_ED","Arterial_endothelial","PLVAP",3,3,0.246135653047802,0.052368898359259,0.240622406970993
"non-DM_ED","Arterial_endothelial","ROBO4",3,3,0.291360320842082,0.0478609255710224,0.31753140663151
"non-DM_ED","Arterial_endothelial","SELE",3,3,0.0285320077444963,0.0349002962874929,0.0169292942467704
"non-DM_ED","Arterial_endothelial","SELP",3,3,0.0108241631909865,0.013325007814898,0.00676608366439416
"non-DM_ED","Arterial_endothelial","SOX17",3,3,1.04214431312757,0.337472969112402,0.899363989161029
"non-DM_ED","Arterial_endothelial","VWF",3,3,1.62302474051312,0.288617890316165,1.66616459519117
"non-DM_ED","Endothelial_general","ACKR1",3,3,0.349057266400524,0.313528409833796,0.440403375278341
"non-DM_ED","Endothelial_general","CLDN5",3,3,1.13605813182381,0.22248077715417,1.20974670247691
"non-DM_ED","Endothelial_general","EFNB2",3,3,0.686973553953928,0.631449778070875,0.818849073310488
"non-DM_ED","Endothelial_general","EGLN3",3,3,0.21061589622379,0.204918505203909,0.222530579223088
"non-DM_ED","Endothelial_general","EMCN",3,3,2.03365344981216,0.262442923990462,1.91116801170101
"non-DM_ED","Endothelial_general","EPAS1",3,3,0.954239134240334,0.492254816355821,1.19283407872083
"non-DM_ED","Endothelial_general","GJA5",3,3,0,0,0
"non-DM_ED","Endothelial_general","KDR",3,3,0.475759501144652,0.0601265502034029,0.45186815600885
"non-DM_ED","Endothelial_general","NOS3",3,3,0.094143357504671,0.0862872602700429,0.112961497306622
"non-DM_ED","Endothelial_general","PECAM1",3,3,1.13333591050689,0.0842554992042491,1.14817195437194
"non-DM_ED","Endothelial_general","PLVAP",3,3,1.1496436733885,0.386374468704214,1.01006718721972
"non-DM_ED","Endothelial_general","ROBO4",3,3,0.361458851488423,0.109742531278246,0.388154079835178
"non-DM_ED","Endothelial_general","SELE",3,3,0.0230807392265025,0.0266852526734454,0.0169416767839928
"non-DM_ED","Endothelial_general","SELP",3,3,0.00562483323175761,0.00974249694150603,0
"non-DM_ED","Endothelial_general","SOX17",3,3,0.107508196445756,0.095886680087559,0.138333138754177
"non-DM_ED","Endothelial_general","VWF",3,3,2.32896460700951,0.291253765450094,2.27155944603209
