"cluster","gene","avg_expression","pct_expression"
"0","PECAM1",1.69987817611366,97.029702970297
"1","PECAM1",1.06028656763459,74.9799518845229
"2","PECAM1",1.23697632987114,90.6414300736067
"3","PECAM1",0.800673205179285,34.8578491965389
"4","PECAM1",1.64047439727839,92.1348314606742
"5","PECAM1",1.5159508356774,96.2962962962963
"6","PECAM1",1.26711993210831,83.3333333333333
"0","VWF",2.61477629359441,99.5756718528996
"1","VWF",1.70702530071672,91.4995990376905
"2","VWF",1.96854368899105,97.6866456361725
"3","VWF",1.47540885077509,55.7478368355995
"4","VWF",1.71183120656847,89.8876404494382
"5","VWF",2.32282309881905,100
"6","VWF",2.02621875712528,100
"0","EMCN",0.70589823283182,66.9024045261669
"1","EMCN",0.307142849885715,29.2702485966319
"2","EMCN",0.371200915133364,43.322818086225
"3","EMCN",0.173910913562417,8.28182941903585
"4","EMCN",0.4979644489964,46.0674157303371
"5","EMCN",0.519106925872105,58.0246913580247
"6","EMCN",0.290445366794776,30.5555555555556
"0","ACKR1",1.45699030229159,94.3422913719943
"1","ACKR1",0.767325725596593,62.14915797915
"2","ACKR1",0.958300143473437,83.0704521556257
"3","ACKR1",0.636441816817317,29.0482076637824
"4","ACKR1",0.758450693904772,61.7977528089888
"5","ACKR1",1.0683555087149,86.4197530864197
"6","ACKR1",0.600256543162072,58.3333333333333
"0","SELE",0.144686938593996,19.4483734087694
"1","SELE",0.0324759978262384,3.44827586206897
"2","SELE",0.0620741111904885,8.51735015772871
"3","SELE",0.0124927907684905,0.618046971569839
"4","SELE",0.0361280699899828,4.49438202247191
"5","SELE",0.070174379338913,9.87654320987654
"6","SELE",0.018426107040632,2.77777777777778
"0","NOS3",0.0423850414265386,6.22347949080622
"1","NOS3",0.0199537877385986,2.0850040096231
"2","NOS3",0.026019643447748,3.5751840168244
"3","NOS3",0.0100433384732934,0.741656365883807
"4","NOS3",0.0291569625581529,3.37078651685393
"5","NOS3",0.0319506880622604,6.17283950617284
"6","NOS3",0.0399415205164412,2.77777777777778
"0","GJA5",0.0562190301115827,7.21357850070721
"1","GJA5",0.080502557564427,8.17963111467522
"2","GJA5",0.0555476046193861,7.25552050473186
"3","GJA5",0.0274530693158869,1.23609394313968
"4","GJA5",0.77642141358648,58.4269662921348
"5","GJA5",0.0856036355767515,13.5802469135802
"6","GJA5",0.177838623016302,19.4444444444444
"0","EFNB2",0.329819627660071,38.1188118811881
"1","EFNB2",0.105826547085053,10.5052125100241
"2","EFNB2",0.146231383098629,19.0325972660358
"3","EFNB2",0.0803354195944342,4.20271940667491
"4","EFNB2",0.423170326089754,39.3258426966292
"5","EFNB2",0.24532695055091,35.8024691358025
"6","EFNB2",0.0687345898841023,8.33333333333333
