"sample","title","source","group"
"GSM46500","HWC13","Control F344 RAT penis","Control"
"GSM46503","HWC14","Control F344 RAT penis","Control"
"GSM46508","HWC16","Control F344 RAT penis","Control"
"GSM46512","HWC17","Control F344 RAT penis","Control"
"GSM46516","HWC7","Control F344 RAT penis","Control"
"GSM46518","HWS17","Diabetic F344 RAT penis","Diabetic"
"GSM46519","HWS18","Diabetic F344 RAT penis","Diabetic"
"GSM46520","HWS22","Diabetic F344 RAT penis","Diabetic"
"GSM46521","HWS23","Diabetic F344 RAT penis","Diabetic"
"GSM46522","HWS26","Diabetic F344 RAT penis","Diabetic"
