"focal_state","neighbor_state","log2_enrichment"
"ACKR1_high_SELE_high","ACKR1_high_SELE_high",0.0875580509641372
"ACKR1_high_SELE_low","ACKR1_high_SELE_high",-0.0819902545067494
"ACKR1_low_SELE_high","ACKR1_high_SELE_high",0.0402885200666956
"ACKR1_low_SELE_low","ACKR1_high_SELE_high",-0.26949303640227
"ACKR1_high_SELE_high","ACKR1_high_SELE_low",-0.146425416282595
"ACKR1_high_SELE_low","ACKR1_high_SELE_low",0.313449940963058
"ACKR1_low_SELE_high","ACKR1_high_SELE_low",-0.235853991328465
"ACKR1_low_SELE_low","ACKR1_high_SELE_low",0.0175588287475762
"ACKR1_high_SELE_high","ACKR1_low_SELE_high",0.0751360568626931
"ACKR1_high_SELE_low","ACKR1_low_SELE_high",-0.155440151548044
"ACKR1_low_SELE_high","ACKR1_low_SELE_high",0.128560295850798
"ACKR1_low_SELE_low","ACKR1_low_SELE_high",0.0674323480695319
"ACKR1_high_SELE_high","ACKR1_low_SELE_low",-0.273763537060806
"ACKR1_high_SELE_low","ACKR1_low_SELE_low",-0.0861468427990259
"ACKR1_low_SELE_high","ACKR1_low_SELE_low",0.00887478906034101
"ACKR1_low_SELE_low","ACKR1_low_SELE_low",0.686253005247159
