"sample_id","group","celltype","n_cells","total_endo_cells","proportion","proportion_percent"
"GSM6255907_Normal_1","Normal","ACKR1_high_endothelial",40,121,0.330578512396694,33.0578512396694
"GSM6255907_Normal_1","Normal","Activated_endothelial_SELE",0,NA,0,0
"GSM6255907_Normal_1","Normal","Arterial_endothelial",22,121,0.181818181818182,18.1818181818182
"GSM6255907_Normal_1","Normal","Endothelial_general",59,121,0.487603305785124,48.7603305785124
"GSM6255908_Normal_2","Normal","ACKR1_high_endothelial",123,1615,0.0761609907120743,7.61609907120743
"GSM6255908_Normal_2","Normal","Activated_endothelial_SELE",4,1615,0.00247678018575851,0.247678018575851
"GSM6255908_Normal_2","Normal","Arterial_endothelial",182,1615,0.112693498452012,11.2693498452012
"GSM6255908_Normal_2","Normal","Endothelial_general",1306,1615,0.808668730650155,80.8668730650155
"GSM6255909_Normal_3","Normal","ACKR1_high_endothelial",11,2497,0.00440528634361234,0.440528634361234
"GSM6255909_Normal_3","Normal","Activated_endothelial_SELE",0,NA,0,0
"GSM6255909_Normal_3","Normal","Arterial_endothelial",55,2497,0.0220264317180617,2.20264317180617
"GSM6255909_Normal_3","Normal","Endothelial_general",2431,2497,0.973568281938326,97.3568281938326
"GSM6255910_non-DM1","non-DM_ED","ACKR1_high_endothelial",35,3276,0.0106837606837607,1.06837606837607
"GSM6255910_non-DM1","non-DM_ED","Activated_endothelial_SELE",2848,3276,0.869352869352869,86.9352869352869
"GSM6255910_non-DM1","non-DM_ED","Arterial_endothelial",366,3276,0.111721611721612,11.1721611721612
"GSM6255910_non-DM1","non-DM_ED","Endothelial_general",27,3276,0.00824175824175824,0.824175824175824
"GSM6255911_non-DM2","non-DM_ED","ACKR1_high_endothelial",29,84,0.345238095238095,34.5238095238095
"GSM6255911_non-DM2","non-DM_ED","Activated_endothelial_SELE",0,NA,0,0
"GSM6255911_non-DM2","non-DM_ED","Arterial_endothelial",53,84,0.630952380952381,63.0952380952381
"GSM6255911_non-DM2","non-DM_ED","Endothelial_general",2,84,0.0238095238095238,2.38095238095238
"GSM6255912_non-DM3","non-DM_ED","ACKR1_high_endothelial",506,1177,0.429906542056075,42.9906542056075
"GSM6255912_non-DM3","non-DM_ED","Activated_endothelial_SELE",0,NA,0,0
"GSM6255912_non-DM3","non-DM_ED","Arterial_endothelial",442,1177,0.37553101104503,37.553101104503
"GSM6255912_non-DM3","non-DM_ED","Endothelial_general",229,1177,0.194562446898895,19.4562446898895
"GSM6255913_Diabetes_1","Diabetes_ED","ACKR1_high_endothelial",1115,1383,0.806218365871294,80.6218365871294
"GSM6255913_Diabetes_1","Diabetes_ED","Activated_endothelial_SELE",5,1383,0.00361532899493854,0.361532899493854
"GSM6255913_Diabetes_1","Diabetes_ED","Arterial_endothelial",233,1383,0.168474331164136,16.8474331164136
"GSM6255913_Diabetes_1","Diabetes_ED","Endothelial_general",30,1383,0.0216919739696312,2.16919739696312
"GSM6255914_Diabetes_2","Diabetes_ED","ACKR1_high_endothelial",13,107,0.121495327102804,12.1495327102804
"GSM6255914_Diabetes_2","Diabetes_ED","Activated_endothelial_SELE",9,107,0.0841121495327103,8.41121495327103
"GSM6255914_Diabetes_2","Diabetes_ED","Arterial_endothelial",60,107,0.560747663551402,56.0747663551402
"GSM6255914_Diabetes_2","Diabetes_ED","Endothelial_general",25,107,0.233644859813084,23.3644859813084
