"sample_id","group","celltype_corrected","gene","mean_expression","n_cells"
"GSM6255907_Normal_1","Normal","ACKR1_high_endothelial","ACKR1",2.83021091781681,40
"GSM6255907_Normal_1","Normal","ACKR1_high_endothelial","CLDN5",2.25852966890474,40
"GSM6255907_Normal_1","Normal","ACKR1_high_endothelial","EFNB2",0.28534163561785,40
"GSM6255907_Normal_1","Normal","ACKR1_high_endothelial","EGLN3",0.0250306393504755,40
"GSM6255907_Normal_1","Normal","ACKR1_high_endothelial","EMCN",1.4904365438543,40
"GSM6255907_Normal_1","Normal","ACKR1_high_endothelial","EPAS1",1.00294954972827,40
"GSM6255907_Normal_1","Normal","ACKR1_high_endothelial","GJA5",0,40
"GSM6255907_Normal_1","Normal","ACKR1_high_endothelial","KDR",0.548051443219698,40
"GSM6255907_Normal_1","Normal","ACKR1_high_endothelial","NOS3",0.178814586923967,40
"GSM6255907_Normal_1","Normal","ACKR1_high_endothelial","PECAM1",1.29086039009006,40
"GSM6255907_Normal_1","Normal","ACKR1_high_endothelial","PLVAP",1.41547142401102,40
"GSM6255907_Normal_1","Normal","ACKR1_high_endothelial","ROBO4",0.682341912659843,40
"GSM6255907_Normal_1","Normal","ACKR1_high_endothelial","SELE",0.257246464364786,40
"GSM6255907_Normal_1","Normal","ACKR1_high_endothelial","SELP",0.368399775895335,40
"GSM6255907_Normal_1","Normal","ACKR1_high_endothelial","SOX17",0.357689658904299,40
"GSM6255907_Normal_1","Normal","ACKR1_high_endothelial","VWF",1.77814682364549,40
"GSM6255907_Normal_1","Normal","Arterial_endothelial","ACKR1",0.0341379960337439,22
"GSM6255907_Normal_1","Normal","Arterial_endothelial","CLDN5",3.25307657329667,22
"GSM6255907_Normal_1","Normal","Arterial_endothelial","EFNB2",1.21916505110761,22
"GSM6255907_Normal_1","Normal","Arterial_endothelial","EGLN3",0.152340437141964,22
"GSM6255907_Normal_1","Normal","Arterial_endothelial","EMCN",1.52926874190146,22
"GSM6255907_Normal_1","Normal","Arterial_endothelial","EPAS1",1.78506516647756,22
"GSM6255907_Normal_1","Normal","Arterial_endothelial","GJA5",0.460446633082445,22
"GSM6255907_Normal_1","Normal","Arterial_endothelial","KDR",0.0273873535104436,22
"GSM6255907_Normal_1","Normal","Arterial_endothelial","NOS3",0.237505887962795,22
"GSM6255907_Normal_1","Normal","Arterial_endothelial","PECAM1",2.15912195642509,22
"GSM6255907_Normal_1","Normal","Arterial_endothelial","PLVAP",0.368372992496283,22
"GSM6255907_Normal_1","Normal","Arterial_endothelial","ROBO4",0.4535010914961,22
"GSM6255907_Normal_1","Normal","Arterial_endothelial","SELE",0,22
"GSM6255907_Normal_1","Normal","Arterial_endothelial","SELP",0.116505417572156,22
"GSM6255907_Normal_1","Normal","Arterial_endothelial","SOX17",1.02735335954557,22
"GSM6255907_Normal_1","Normal","Arterial_endothelial","VWF",1.09655154670726,22
"GSM6255907_Normal_1","Normal","Endothelial_general","ACKR1",0.587745373775459,59
"GSM6255907_Normal_1","Normal","Endothelial_general","CLDN5",1.74119383280759,59
"GSM6255907_Normal_1","Normal","Endothelial_general","EFNB2",0.813478578504557,59
"GSM6255907_Normal_1","Normal","Endothelial_general","EGLN3",0.116447775247547,59
"GSM6255907_Normal_1","Normal","Endothelial_general","EMCN",1.57127191967803,59
"GSM6255907_Normal_1","Normal","Endothelial_general","EPAS1",0.804777225274029,59
"GSM6255907_Normal_1","Normal","Endothelial_general","GJA5",0,59
"GSM6255907_Normal_1","Normal","Endothelial_general","KDR",0.514992910074425,59
"GSM6255907_Normal_1","Normal","Endothelial_general","NOS3",0.148703698117625,59
"GSM6255907_Normal_1","Normal","Endothelial_general","PECAM1",1.25189813914689,59
"GSM6255907_Normal_1","Normal","Endothelial_general","PLVAP",0.977265282969532,59
"GSM6255907_Normal_1","Normal","Endothelial_general","ROBO4",0.494823345743687,59
"GSM6255907_Normal_1","Normal","Endothelial_general","SELE",0,59
"GSM6255907_Normal_1","Normal","Endothelial_general","SELP",0,59
"GSM6255907_Normal_1","Normal","Endothelial_general","SOX17",0.0875494989377072,59
"GSM6255907_Normal_1","Normal","Endothelial_general","VWF",1.77548698122375,59
"GSM6255908_Normal_2","Normal","ACKR1_high_endothelial","ACKR1",2.4864951562004,123
"GSM6255908_Normal_2","Normal","ACKR1_high_endothelial","CLDN5",1.56783658768434,123
"GSM6255908_Normal_2","Normal","ACKR1_high_endothelial","EFNB2",0.627163288530685,123
"GSM6255908_Normal_2","Normal","ACKR1_high_endothelial","EGLN3",0.194572346282625,123
"GSM6255908_Normal_2","Normal","ACKR1_high_endothelial","EMCN",1.54052894795885,123
"GSM6255908_Normal_2","Normal","ACKR1_high_endothelial","EPAS1",1.0874625256252,123
"GSM6255908_Normal_2","Normal","ACKR1_high_endothelial","GJA5",0,123
"GSM6255908_Normal_2","Normal","ACKR1_high_endothelial","KDR",0.608966301270567,123
"GSM6255908_Normal_2","Normal","ACKR1_high_endothelial","NOS3",0.133849089632381,123
"GSM6255908_Normal_2","Normal","ACKR1_high_endothelial","PECAM1",1.71151498575651,123
"GSM6255908_Normal_2","Normal","ACKR1_high_endothelial","PLVAP",1.11282936189806,123
"GSM6255908_Normal_2","Normal","ACKR1_high_endothelial","ROBO4",0.527045856719063,123
"GSM6255908_Normal_2","Normal","ACKR1_high_endothelial","SELE",0.346725511074617,123
"GSM6255908_Normal_2","Normal","ACKR1_high_endothelial","SELP",0.428127186963212,123
"GSM6255908_Normal_2","Normal","ACKR1_high_endothelial","SOX17",0.184578882794687,123
"GSM6255908_Normal_2","Normal","ACKR1_high_endothelial","VWF",2.04665256604673,123
"GSM6255908_Normal_2","Normal","Activated_endothelial_SELE","ACKR1",0.262474103986013,4
"GSM6255908_Normal_2","Normal","Activated_endothelial_SELE","CLDN5",1.86176440165657,4
"GSM6255908_Normal_2","Normal","Activated_endothelial_SELE","EFNB2",1.11237368165962,4
"GSM6255908_Normal_2","Normal","Activated_endothelial_SELE","EGLN3",0.269016185380431,4
"GSM6255908_Normal_2","Normal","Activated_endothelial_SELE","EMCN",1.50332513444518,4
"GSM6255908_Normal_2","Normal","Activated_endothelial_SELE","EPAS1",1.31835410081753,4
"GSM6255908_Normal_2","Normal","Activated_endothelial_SELE","GJA5",0,4
"GSM6255908_Normal_2","Normal","Activated_endothelial_SELE","KDR",0.388920542282319,4
"GSM6255908_Normal_2","Normal","Activated_endothelial_SELE","NOS3",0,4
"GSM6255908_Normal_2","Normal","Activated_endothelial_SELE","PECAM1",1.81233631840923,4
"GSM6255908_Normal_2","Normal","Activated_endothelial_SELE","PLVAP",0.97829458789199,4
"GSM6255908_Normal_2","Normal","Activated_endothelial_SELE","ROBO4",0,4
"GSM6255908_Normal_2","Normal","Activated_endothelial_SELE","SELE",0,4
"GSM6255908_Normal_2","Normal","Activated_endothelial_SELE","SELP",0,4
"GSM6255908_Normal_2","Normal","Activated_endothelial_SELE","SOX17",0.262474103986013,4
"GSM6255908_Normal_2","Normal","Activated_endothelial_SELE","VWF",2.21896539699649,4
"GSM6255908_Normal_2","Normal","Arterial_endothelial","ACKR1",0.0136873341100156,182
"GSM6255908_Normal_2","Normal","Arterial_endothelial","CLDN5",3.53690754774246,182
"GSM6255908_Normal_2","Normal","Arterial_endothelial","EFNB2",1.73482448964616,182
"GSM6255908_Normal_2","Normal","Arterial_endothelial","EGLN3",0.173989984413644,182
"GSM6255908_Normal_2","Normal","Arterial_endothelial","EMCN",1.32345833242257,182
"GSM6255908_Normal_2","Normal","Arterial_endothelial","EPAS1",2.03992420319158,182
"GSM6255908_Normal_2","Normal","Arterial_endothelial","GJA5",0.517700539798641,182
"GSM6255908_Normal_2","Normal","Arterial_endothelial","KDR",0.251364487626618,182
"GSM6255908_Normal_2","Normal","Arterial_endothelial","NOS3",0.201994067110544,182
"GSM6255908_Normal_2","Normal","Arterial_endothelial","PECAM1",2.45127654517338,182
"GSM6255908_Normal_2","Normal","Arterial_endothelial","PLVAP",0.372692172185363,182
"GSM6255908_Normal_2","Normal","Arterial_endothelial","ROBO4",0.387368343223019,182
"GSM6255908_Normal_2","Normal","Arterial_endothelial","SELE",0,182
"GSM6255908_Normal_2","Normal","Arterial_endothelial","SELP",0,182
"GSM6255908_Normal_2","Normal","Arterial_endothelial","SOX17",1.17946214283127,182
"GSM6255908_Normal_2","Normal","Arterial_endothelial","VWF",1.36567863030242,182
"GSM6255908_Normal_2","Normal","Endothelial_general","ACKR1",0.658916557072869,1306
"GSM6255908_Normal_2","Normal","Endothelial_general","CLDN5",1.42093244903488,1306
"GSM6255908_Normal_2","Normal","Endothelial_general","EFNB2",1.20893365573192,1306
"GSM6255908_Normal_2","Normal","Endothelial_general","EGLN3",0.628931134737427,1306
"GSM6255908_Normal_2","Normal","Endothelial_general","EMCN",1.85965732176995,1306
"GSM6255908_Normal_2","Normal","Endothelial_general","EPAS1",1.30261958750633,1306
"GSM6255908_Normal_2","Normal","Endothelial_general","GJA5",0.000473049160321152,1306
"GSM6255908_Normal_2","Normal","Endothelial_general","KDR",0.669795573167905,1306
"GSM6255908_Normal_2","Normal","Endothelial_general","NOS3",0.111832883604058,1306
"GSM6255908_Normal_2","Normal","Endothelial_general","PECAM1",1.46478810350845,1306
"GSM6255908_Normal_2","Normal","Endothelial_general","PLVAP",0.886060896267001,1306
"GSM6255908_Normal_2","Normal","Endothelial_general","ROBO4",0.548814318228391,1306
"GSM6255908_Normal_2","Normal","Endothelial_general","SELE",0.0614047310949159,1306
"GSM6255908_Normal_2","Normal","Endothelial_general","SELP",0.00914992924531638,1306
"GSM6255908_Normal_2","Normal","Endothelial_general","SOX17",0.120158287667366,1306
"GSM6255908_Normal_2","Normal","Endothelial_general","VWF",2.51375064812248,1306
"GSM6255909_Normal_3","Normal","ACKR1_high_endothelial","ACKR1",2.1562642080987,11
"GSM6255909_Normal_3","Normal","ACKR1_high_endothelial","CLDN5",1.9931755621453,11
"GSM6255909_Normal_3","Normal","ACKR1_high_endothelial","EFNB2",0.108579608246907,11
"GSM6255909_Normal_3","Normal","ACKR1_high_endothelial","EGLN3",0,11
"GSM6255909_Normal_3","Normal","ACKR1_high_endothelial","EMCN",1.62642985401711,11
"GSM6255909_Normal_3","Normal","ACKR1_high_endothelial","EPAS1",0.873266611516962,11
"GSM6255909_Normal_3","Normal","ACKR1_high_endothelial","GJA5",0,11
"GSM6255909_Normal_3","Normal","ACKR1_high_endothelial","KDR",0.604245875693047,11
"GSM6255909_Normal_3","Normal","ACKR1_high_endothelial","NOS3",0,11
"GSM6255909_Normal_3","Normal","ACKR1_high_endothelial","PECAM1",1.45308879810774,11
"GSM6255909_Normal_3","Normal","ACKR1_high_endothelial","PLVAP",1.06364973922548,11
"GSM6255909_Normal_3","Normal","ACKR1_high_endothelial","ROBO4",0.912786381243559,11
"GSM6255909_Normal_3","Normal","ACKR1_high_endothelial","SELE",0,11
"GSM6255909_Normal_3","Normal","ACKR1_high_endothelial","SELP",0.521342363636542,11
"GSM6255909_Normal_3","Normal","ACKR1_high_endothelial","SOX17",0.740726363052807,11
"GSM6255909_Normal_3","Normal","ACKR1_high_endothelial","VWF",3.1294123937454,11
"GSM6255909_Normal_3","Normal","Arterial_endothelial","ACKR1",0.0416686373744215,55
"GSM6255909_Normal_3","Normal","Arterial_endothelial","CLDN5",3.3152746799276,55
"GSM6255909_Normal_3","Normal","Arterial_endothelial","EFNB2",1.46721043113316,55
"GSM6255909_Normal_3","Normal","Arterial_endothelial","EGLN3",0.094974391116469,55
"GSM6255909_Normal_3","Normal","Arterial_endothelial","EMCN",1.53281964177354,55
"GSM6255909_Normal_3","Normal","Arterial_endothelial","EPAS1",2.25474101695063,55
"GSM6255909_Normal_3","Normal","Arterial_endothelial","GJA5",0.568803679098489,55
"GSM6255909_Normal_3","Normal","Arterial_endothelial","KDR",0.177938846002998,55
"GSM6255909_Normal_3","Normal","Arterial_endothelial","NOS3",0.23681149142693,55
"GSM6255909_Normal_3","Normal","Arterial_endothelial","PECAM1",2.37580435902167,55
"GSM6255909_Normal_3","Normal","Arterial_endothelial","PLVAP",0.436736255963225,55
"GSM6255909_Normal_3","Normal","Arterial_endothelial","ROBO4",0.413494685734316,55
"GSM6255909_Normal_3","Normal","Arterial_endothelial","SELE",0.0107717561654117,55
"GSM6255909_Normal_3","Normal","Arterial_endothelial","SELP",0.0107717561654117,55
"GSM6255909_Normal_3","Normal","Arterial_endothelial","SOX17",0.807894035091797,55
"GSM6255909_Normal_3","Normal","Arterial_endothelial","VWF",1.6164628519701,55
"GSM6255909_Normal_3","Normal","Endothelial_general","ACKR1",0.207405925251073,2431
"GSM6255909_Normal_3","Normal","Endothelial_general","CLDN5",1.03059605232266,2431
"GSM6255909_Normal_3","Normal","Endothelial_general","EFNB2",1.30547457538857,2431
"GSM6255909_Normal_3","Normal","Endothelial_general","EGLN3",0.585022137310717,2431
"GSM6255909_Normal_3","Normal","Endothelial_general","EMCN",2.01337965172707,2431
"GSM6255909_Normal_3","Normal","Endothelial_general","EPAS1",1.39657717657,2431
"GSM6255909_Normal_3","Normal","Endothelial_general","GJA5",0.000951540711099641,2431
"GSM6255909_Normal_3","Normal","Endothelial_general","KDR",0.300033956415631,2431
"GSM6255909_Normal_3","Normal","Endothelial_general","NOS3",0.121094322526946,2431
"GSM6255909_Normal_3","Normal","Endothelial_general","PECAM1",1.5223864391878,2431
"GSM6255909_Normal_3","Normal","Endothelial_general","PLVAP",1.37890526763335,2431
"GSM6255909_Normal_3","Normal","Endothelial_general","ROBO4",0.508317142402124,2431
"GSM6255909_Normal_3","Normal","Endothelial_general","SELE",0.00459695815062338,2431
"GSM6255909_Normal_3","Normal","Endothelial_general","SELP",0.00940403190328629,2431
"GSM6255909_Normal_3","Normal","Endothelial_general","SOX17",0.0977544905470683,2431
"GSM6255909_Normal_3","Normal","Endothelial_general","VWF",3.24240260329714,2431
"GSM6255910_non-DM1","non-DM_ED","ACKR1_high_endothelial","ACKR1",2.29791871465096,35
"GSM6255910_non-DM1","non-DM_ED","ACKR1_high_endothelial","CLDN5",1.87786797431125,35
"GSM6255910_non-DM1","non-DM_ED","ACKR1_high_endothelial","EFNB2",0.598729103934789,35
"GSM6255910_non-DM1","non-DM_ED","ACKR1_high_endothelial","EGLN3",0,35
"GSM6255910_non-DM1","non-DM_ED","ACKR1_high_endothelial","EMCN",1.65877774812967,35
"GSM6255910_non-DM1","non-DM_ED","ACKR1_high_endothelial","EPAS1",1.53161358277402,35
"GSM6255910_non-DM1","non-DM_ED","ACKR1_high_endothelial","GJA5",0,35
"GSM6255910_non-DM1","non-DM_ED","ACKR1_high_endothelial","KDR",0.564859679464788,35
"GSM6255910_non-DM1","non-DM_ED","ACKR1_high_endothelial","NOS3",0.15198651362309,35
"GSM6255910_non-DM1","non-DM_ED","ACKR1_high_endothelial","PECAM1",1.20385414249269,35
"GSM6255910_non-DM1","non-DM_ED","ACKR1_high_endothelial","PLVAP",1.03213637032143,35
"GSM6255910_non-DM1","non-DM_ED","ACKR1_high_endothelial","ROBO4",0.466713794085421,35
"GSM6255910_non-DM1","non-DM_ED","ACKR1_high_endothelial","SELE",0.601013070118474,35
"GSM6255910_non-DM1","non-DM_ED","ACKR1_high_endothelial","SELP",0.351710575076649,35
"GSM6255910_non-DM1","non-DM_ED","ACKR1_high_endothelial","SOX17",0.336843223914691,35
"GSM6255910_non-DM1","non-DM_ED","ACKR1_high_endothelial","VWF",1.86174931075335,35
"GSM6255910_non-DM1","non-DM_ED","Activated_endothelial_SELE","ACKR1",0.899510528468605,2848
"GSM6255910_non-DM1","non-DM_ED","Activated_endothelial_SELE","CLDN5",0.979748357332722,2848
"GSM6255910_non-DM1","non-DM_ED","Activated_endothelial_SELE","EFNB2",1.02456115821002,2848
"GSM6255910_non-DM1","non-DM_ED","Activated_endothelial_SELE","EGLN3",0.121629503490691,2848
"GSM6255910_non-DM1","non-DM_ED","Activated_endothelial_SELE","EMCN",2.14477252751969,2848
"GSM6255910_non-DM1","non-DM_ED","Activated_endothelial_SELE","EPAS1",1.42771876645712,2848
"GSM6255910_non-DM1","non-DM_ED","Activated_endothelial_SELE","GJA5",0.00111365328181757,2848
"GSM6255910_non-DM1","non-DM_ED","Activated_endothelial_SELE","KDR",0.272249180269415,2848
"GSM6255910_non-DM1","non-DM_ED","Activated_endothelial_SELE","NOS3",0.127341258683612,2848
"GSM6255910_non-DM1","non-DM_ED","Activated_endothelial_SELE","PECAM1",1.06134459971083,2848
"GSM6255910_non-DM1","non-DM_ED","Activated_endothelial_SELE","PLVAP",0.750301936771283,2848
"GSM6255910_non-DM1","non-DM_ED","Activated_endothelial_SELE","ROBO4",0.345269003919418,2848
"GSM6255910_non-DM1","non-DM_ED","Activated_endothelial_SELE","SELE",0.848004866254963,2848
"GSM6255910_non-DM1","non-DM_ED","Activated_endothelial_SELE","SELP",0.127964689216316,2848
"GSM6255910_non-DM1","non-DM_ED","Activated_endothelial_SELE","SOX17",0.922976942770009,2848
"GSM6255910_non-DM1","non-DM_ED","Activated_endothelial_SELE","VWF",1.87550593904008,2848
"GSM6255910_non-DM1","non-DM_ED","Arterial_endothelial","ACKR1",0.0690102384558091,366
"GSM6255910_non-DM1","non-DM_ED","Arterial_endothelial","CLDN5",2.59474212041554,366
"GSM6255910_non-DM1","non-DM_ED","Arterial_endothelial","EFNB2",1.3788764526315,366
"GSM6255910_non-DM1","non-DM_ED","Arterial_endothelial","EGLN3",0.0482669474722807,366
"GSM6255910_non-DM1","non-DM_ED","Arterial_endothelial","EMCN",1.52457606306209,366
"GSM6255910_non-DM1","non-DM_ED","Arterial_endothelial","EPAS1",2.26995666438529,366
"GSM6255910_non-DM1","non-DM_ED","Arterial_endothelial","GJA5",0.356402933593792,366
"GSM6255910_non-DM1","non-DM_ED","Arterial_endothelial","KDR",0.177059776831877,366
"GSM6255910_non-DM1","non-DM_ED","Arterial_endothelial","NOS3",0.389111009973424,366
"GSM6255910_non-DM1","non-DM_ED","Arterial_endothelial","PECAM1",2.3356648779253,366
"GSM6255910_non-DM1","non-DM_ED","Arterial_endothelial","PLVAP",0.30104306326756,366
"GSM6255910_non-DM1","non-DM_ED","Arterial_endothelial","ROBO4",0.236120609731559,366
"GSM6255910_non-DM1","non-DM_ED","Arterial_endothelial","SELE",0.067755863810018,366
"GSM6255910_non-DM1","non-DM_ED","Arterial_endothelial","SELP",0,366
"GSM6255910_non-DM1","non-DM_ED","Arterial_endothelial","SOX17",1.42753819992561,366
"GSM6255910_non-DM1","non-DM_ED","Arterial_endothelial","VWF",1.31526518842449,366
"GSM6255910_non-DM1","non-DM_ED","Endothelial_general","ACKR1",0.440403375278341,27
"GSM6255910_non-DM1","non-DM_ED","Endothelial_general","CLDN5",0.886081980931714,27
"GSM6255910_non-DM1","non-DM_ED","Endothelial_general","EFNB2",1.2420715885513,27
"GSM6255910_non-DM1","non-DM_ED","Endothelial_general","EGLN3",0.409317109448282,27
"GSM6255910_non-DM1","non-DM_ED","Endothelial_general","EMCN",2.33494673945799,27
"GSM6255910_non-DM1","non-DM_ED","Endothelial_general","EPAS1",1.281729244165,27
"GSM6255910_non-DM1","non-DM_ED","Endothelial_general","GJA5",0,27
"GSM6255910_non-DM1","non-DM_ED","Endothelial_general","KDR",0.431250725171593,27
"GSM6255910_non-DM1","non-DM_ED","Endothelial_general","NOS3",0.112961497306622,27
"GSM6255910_non-DM1","non-DM_ED","Endothelial_general","PECAM1",1.04264779791762,27
"GSM6255910_non-DM1","non-DM_ED","Endothelial_general","PLVAP",0.852452307437132,27
"GSM6255910_non-DM1","non-DM_ED","Endothelial_general","ROBO4",0.240831477998608,27
"GSM6255910_non-DM1","non-DM_ED","Endothelial_general","SELE",0.0523005408955147,27
"GSM6255910_non-DM1","non-DM_ED","Endothelial_general","SELP",0,27
"GSM6255910_non-DM1","non-DM_ED","Endothelial_general","SOX17",0.184191450583091,27
"GSM6255910_non-DM1","non-DM_ED","Endothelial_general","VWF",2.27155944603209,27
"GSM6255911_non-DM2","non-DM_ED","ACKR1_high_endothelial","ACKR1",1.99337853311915,29
"GSM6255911_non-DM2","non-DM_ED","ACKR1_high_endothelial","CLDN5",1.06918057033532,29
"GSM6255911_non-DM2","non-DM_ED","ACKR1_high_endothelial","EFNB2",0.602203915118459,29
"GSM6255911_non-DM2","non-DM_ED","ACKR1_high_endothelial","EGLN3",0.0146145160019356,29
"GSM6255911_non-DM2","non-DM_ED","ACKR1_high_endothelial","EMCN",2.00613934176139,29
"GSM6255911_non-DM2","non-DM_ED","ACKR1_high_endothelial","EPAS1",1.12560798462284,29
"GSM6255911_non-DM2","non-DM_ED","ACKR1_high_endothelial","GJA5",0,29
"GSM6255911_non-DM2","non-DM_ED","ACKR1_high_endothelial","KDR",0.743485521525169,29
"GSM6255911_non-DM2","non-DM_ED","ACKR1_high_endothelial","NOS3",0.133026587280406,29
"GSM6255911_non-DM2","non-DM_ED","ACKR1_high_endothelial","PECAM1",1.34470753563879,29
"GSM6255911_non-DM2","non-DM_ED","ACKR1_high_endothelial","PLVAP",0.520872396575496,29
"GSM6255911_non-DM2","non-DM_ED","ACKR1_high_endothelial","ROBO4",0.396500249093657,29
"GSM6255911_non-DM2","non-DM_ED","ACKR1_high_endothelial","SELE",0.133501134802194,29
"GSM6255911_non-DM2","non-DM_ED","ACKR1_high_endothelial","SELP",0.37408423553519,29
"GSM6255911_non-DM2","non-DM_ED","ACKR1_high_endothelial","SOX17",0.344738015867149,29
"GSM6255911_non-DM2","non-DM_ED","ACKR1_high_endothelial","VWF",1.52389281626896,29
"GSM6255911_non-DM2","non-DM_ED","Arterial_endothelial","ACKR1",0.0615551229793812,53
"GSM6255911_non-DM2","non-DM_ED","Arterial_endothelial","CLDN5",2.89693029586112,53
"GSM6255911_non-DM2","non-DM_ED","Arterial_endothelial","EFNB2",1.72958005362269,53
"GSM6255911_non-DM2","non-DM_ED","Arterial_endothelial","EGLN3",0.0245449485357645,53
"GSM6255911_non-DM2","non-DM_ED","Arterial_endothelial","EMCN",1.66437995649762,53
"GSM6255911_non-DM2","non-DM_ED","Arterial_endothelial","EPAS1",2.22076770803004,53
"GSM6255911_non-DM2","non-DM_ED","Arterial_endothelial","GJA5",0.856264486600802,53
"GSM6255911_non-DM2","non-DM_ED","Arterial_endothelial","KDR",0.210712731635175,53
"GSM6255911_non-DM2","non-DM_ED","Arterial_endothelial","NOS3",0.201163667089421,53
"GSM6255911_non-DM2","non-DM_ED","Arterial_endothelial","PECAM1",2.30680015121419,53
"GSM6255911_non-DM2","non-DM_ED","Arterial_endothelial","PLVAP",0.196741488904853,53
"GSM6255911_non-DM2","non-DM_ED","Arterial_endothelial","ROBO4",0.31753140663151,53
"GSM6255911_non-DM2","non-DM_ED","Arterial_endothelial","SELE",0.0169292942467704,53
"GSM6255911_non-DM2","non-DM_ED","Arterial_endothelial","SELP",0.0257064059085654,53
"GSM6255911_non-DM2","non-DM_ED","Arterial_endothelial","SOX17",0.799530750296083,53
"GSM6255911_non-DM2","non-DM_ED","Arterial_endothelial","VWF",1.66616459519117,53
"GSM6255911_non-DM2","non-DM_ED","Endothelial_general","ACKR1",0,2
"GSM6255911_non-DM2","non-DM_ED","Endothelial_general","CLDN5",1.31234571206281,2
"GSM6255911_non-DM2","non-DM_ED","Endothelial_general","EFNB2",0,2
"GSM6255911_non-DM2","non-DM_ED","Endothelial_general","EGLN3",0,2
"GSM6255911_non-DM2","non-DM_ED","Endothelial_general","EMCN",1.91116801170101,2
"GSM6255911_non-DM2","non-DM_ED","Endothelial_general","EPAS1",0.388154079835178,2
"GSM6255911_non-DM2","non-DM_ED","Endothelial_general","GJA5",0,2
"GSM6255911_non-DM2","non-DM_ED","Endothelial_general","KDR",0.544159622253512,2
"GSM6255911_non-DM2","non-DM_ED","Endothelial_general","NOS3",0,2
"GSM6255911_non-DM2","non-DM_ED","Endothelial_general","PECAM1",1.14817195437194,2
"GSM6255911_non-DM2","non-DM_ED","Endothelial_general","PLVAP",1.58641152550866,2
"GSM6255911_non-DM2","non-DM_ED","Endothelial_general","ROBO4",0.388154079835178,2
"GSM6255911_non-DM2","non-DM_ED","Endothelial_general","SELE",0,2
"GSM6255911_non-DM2","non-DM_ED","Endothelial_general","SELP",0,2
"GSM6255911_non-DM2","non-DM_ED","Endothelial_general","SOX17",0,2
"GSM6255911_non-DM2","non-DM_ED","Endothelial_general","VWF",2.07068767340579,2
"GSM6255912_non-DM3","non-DM_ED","ACKR1_high_endothelial","ACKR1",2.26008510392277,506
"GSM6255912_non-DM3","non-DM_ED","ACKR1_high_endothelial","CLDN5",1.67361658934681,506
"GSM6255912_non-DM3","non-DM_ED","ACKR1_high_endothelial","EFNB2",0.390434106115722,506
"GSM6255912_non-DM3","non-DM_ED","ACKR1_high_endothelial","EGLN3",0.0581324601333474,506
"GSM6255912_non-DM3","non-DM_ED","ACKR1_high_endothelial","EMCN",1.5838943708238,506
"GSM6255912_non-DM3","non-DM_ED","ACKR1_high_endothelial","EPAS1",1.1099361161293,506
"GSM6255912_non-DM3","non-DM_ED","ACKR1_high_endothelial","GJA5",0.00517409118698307,506
"GSM6255912_non-DM3","non-DM_ED","ACKR1_high_endothelial","KDR",0.564323228178289,506
"GSM6255912_non-DM3","non-DM_ED","ACKR1_high_endothelial","NOS3",0.152333651965456,506
"GSM6255912_non-DM3","non-DM_ED","ACKR1_high_endothelial","PECAM1",1.49901305282545,506
"GSM6255912_non-DM3","non-DM_ED","ACKR1_high_endothelial","PLVAP",0.828982041102621,506
"GSM6255912_non-DM3","non-DM_ED","ACKR1_high_endothelial","ROBO4",0.412961328873829,506
"GSM6255912_non-DM3","non-DM_ED","ACKR1_high_endothelial","SELE",0.254504697252553,506
"GSM6255912_non-DM3","non-DM_ED","ACKR1_high_endothelial","SELP",0.373933542006321,506
"GSM6255912_non-DM3","non-DM_ED","ACKR1_high_endothelial","SOX17",0.378940801023665,506
"GSM6255912_non-DM3","non-DM_ED","ACKR1_high_endothelial","VWF",2.45062306908656,506
"GSM6255912_non-DM3","non-DM_ED","Arterial_endothelial","ACKR1",0.0543907749568192,442
"GSM6255912_non-DM3","non-DM_ED","Arterial_endothelial","CLDN5",2.77469108485792,442
"GSM6255912_non-DM3","non-DM_ED","Arterial_endothelial","EFNB2",1.12559316556444,442
"GSM6255912_non-DM3","non-DM_ED","Arterial_endothelial","EGLN3",0.0662420015562509,442
"GSM6255912_non-DM3","non-DM_ED","Arterial_endothelial","EMCN",1.38193939534764,442
"GSM6255912_non-DM3","non-DM_ED","Arterial_endothelial","EPAS1",1.79894243318299,442
"GSM6255912_non-DM3","non-DM_ED","Arterial_endothelial","GJA5",0.592410238369906,442
"GSM6255912_non-DM3","non-DM_ED","Arterial_endothelial","KDR",0.194437587333419,442
"GSM6255912_non-DM3","non-DM_ED","Arterial_endothelial","NOS3",0.31960176145003,442
"GSM6255912_non-DM3","non-DM_ED","Arterial_endothelial","PECAM1",2.29318452669894,442
"GSM6255912_non-DM3","non-DM_ED","Arterial_endothelial","PLVAP",0.240622406970993,442
"GSM6255912_non-DM3","non-DM_ED","Arterial_endothelial","ROBO4",0.320428946163178,442
"GSM6255912_non-DM3","non-DM_ED","Arterial_endothelial","SELE",0.000910865176700505,442
"GSM6255912_non-DM3","non-DM_ED","Arterial_endothelial","SELP",0.00676608366439416,442
"GSM6255912_non-DM3","non-DM_ED","Arterial_endothelial","SOX17",0.899363989161029,442
"GSM6255912_non-DM3","non-DM_ED","Arterial_endothelial","VWF",1.8876444379237,442
"GSM6255912_non-DM3","non-DM_ED","Endothelial_general","ACKR1",0.60676842392323,229
"GSM6255912_non-DM3","non-DM_ED","Endothelial_general","CLDN5",1.20974670247691,229
"GSM6255912_non-DM3","non-DM_ED","Endothelial_general","EFNB2",0.818849073310488,229
"GSM6255912_non-DM3","non-DM_ED","Endothelial_general","EGLN3",0.222530579223088,229
"GSM6255912_non-DM3","non-DM_ED","Endothelial_general","EMCN",1.85484559827749,229
"GSM6255912_non-DM3","non-DM_ED","Endothelial_general","EPAS1",1.19283407872083,229
"GSM6255912_non-DM3","non-DM_ED","Endothelial_general","GJA5",0,229
"GSM6255912_non-DM3","non-DM_ED","Endothelial_general","KDR",0.45186815600885,229
"GSM6255912_non-DM3","non-DM_ED","Endothelial_general","NOS3",0.169468575207391,229
"GSM6255912_non-DM3","non-DM_ED","Endothelial_general","PECAM1",1.20918797923112,229
"GSM6255912_non-DM3","non-DM_ED","Endothelial_general","PLVAP",1.01006718721972,229
"GSM6255912_non-DM3","non-DM_ED","Endothelial_general","ROBO4",0.455390996631483,229
"GSM6255912_non-DM3","non-DM_ED","Endothelial_general","SELE",0.0169416767839928,229
"GSM6255912_non-DM3","non-DM_ED","Endothelial_general","SELP",0.0168744996952728,229
"GSM6255912_non-DM3","non-DM_ED","Endothelial_general","SOX17",0.138333138754177,229
"GSM6255912_non-DM3","non-DM_ED","Endothelial_general","VWF",2.64464670159064,229
"GSM6255913_Diabetes_1","Diabetes_ED","ACKR1_high_endothelial","ACKR1",3.36167496207772,1115
"GSM6255913_Diabetes_1","Diabetes_ED","ACKR1_high_endothelial","CLDN5",1.6118925855268,1115
"GSM6255913_Diabetes_1","Diabetes_ED","ACKR1_high_endothelial","EFNB2",0.404495330922659,1115
"GSM6255913_Diabetes_1","Diabetes_ED","ACKR1_high_endothelial","EGLN3",0.0277943967958024,1115
"GSM6255913_Diabetes_1","Diabetes_ED","ACKR1_high_endothelial","EMCN",1.51052562745589,1115
"GSM6255913_Diabetes_1","Diabetes_ED","ACKR1_high_endothelial","EPAS1",1.29445001004964,1115
"GSM6255913_Diabetes_1","Diabetes_ED","ACKR1_high_endothelial","GJA5",0,1115
"GSM6255913_Diabetes_1","Diabetes_ED","ACKR1_high_endothelial","KDR",0.598637119406946,1115
"GSM6255913_Diabetes_1","Diabetes_ED","ACKR1_high_endothelial","NOS3",0.382657961309711,1115
"GSM6255913_Diabetes_1","Diabetes_ED","ACKR1_high_endothelial","PECAM1",1.85456648471328,1115
"GSM6255913_Diabetes_1","Diabetes_ED","ACKR1_high_endothelial","PLVAP",1.37081578520954,1115
"GSM6255913_Diabetes_1","Diabetes_ED","ACKR1_high_endothelial","ROBO4",0.332718449511316,1115
"GSM6255913_Diabetes_1","Diabetes_ED","ACKR1_high_endothelial","SELE",1.06550317347315,1115
"GSM6255913_Diabetes_1","Diabetes_ED","ACKR1_high_endothelial","SELP",0.725116352446506,1115
"GSM6255913_Diabetes_1","Diabetes_ED","ACKR1_high_endothelial","SOX17",0.480218441965508,1115
"GSM6255913_Diabetes_1","Diabetes_ED","ACKR1_high_endothelial","VWF",2.32676809491234,1115
"GSM6255913_Diabetes_1","Diabetes_ED","Activated_endothelial_SELE","ACKR1",2.35909526528097,5
"GSM6255913_Diabetes_1","Diabetes_ED","Activated_endothelial_SELE","CLDN5",0.970866541547905,5
"GSM6255913_Diabetes_1","Diabetes_ED","Activated_endothelial_SELE","EFNB2",0.477618477760365,5
"GSM6255913_Diabetes_1","Diabetes_ED","Activated_endothelial_SELE","EGLN3",0,5
"GSM6255913_Diabetes_1","Diabetes_ED","Activated_endothelial_SELE","EMCN",1.50965722510866,5
"GSM6255913_Diabetes_1","Diabetes_ED","Activated_endothelial_SELE","EPAS1",0.747685314951938,5
"GSM6255913_Diabetes_1","Diabetes_ED","Activated_endothelial_SELE","GJA5",0,5
"GSM6255913_Diabetes_1","Diabetes_ED","Activated_endothelial_SELE","KDR",0.454286767622651,5
"GSM6255913_Diabetes_1","Diabetes_ED","Activated_endothelial_SELE","NOS3",0,5
"GSM6255913_Diabetes_1","Diabetes_ED","Activated_endothelial_SELE","PECAM1",0.72493861008348,5
"GSM6255913_Diabetes_1","Diabetes_ED","Activated_endothelial_SELE","PLVAP",0.699415586995019,5
"GSM6255913_Diabetes_1","Diabetes_ED","Activated_endothelial_SELE","ROBO4",0.450405678269149,5
"GSM6255913_Diabetes_1","Diabetes_ED","Activated_endothelial_SELE","SELE",1.17074688868575,5
"GSM6255913_Diabetes_1","Diabetes_ED","Activated_endothelial_SELE","SELP",0,5
"GSM6255913_Diabetes_1","Diabetes_ED","Activated_endothelial_SELE","SOX17",1.05930521545248,5
"GSM6255913_Diabetes_1","Diabetes_ED","Activated_endothelial_SELE","VWF",2.52027191136553,5
"GSM6255913_Diabetes_1","Diabetes_ED","Arterial_endothelial","ACKR1",0.177510632165372,233
"GSM6255913_Diabetes_1","Diabetes_ED","Arterial_endothelial","CLDN5",2.76507938995111,233
"GSM6255913_Diabetes_1","Diabetes_ED","Arterial_endothelial","EFNB2",1.35905136104133,233
"GSM6255913_Diabetes_1","Diabetes_ED","Arterial_endothelial","EGLN3",0.0166525613021442,233
"GSM6255913_Diabetes_1","Diabetes_ED","Arterial_endothelial","EMCN",1.45009238213944,233
"GSM6255913_Diabetes_1","Diabetes_ED","Arterial_endothelial","EPAS1",1.97842203722588,233
"GSM6255913_Diabetes_1","Diabetes_ED","Arterial_endothelial","GJA5",0.345168774287864,233
"GSM6255913_Diabetes_1","Diabetes_ED","Arterial_endothelial","KDR",0.276181471428605,233
"GSM6255913_Diabetes_1","Diabetes_ED","Arterial_endothelial","NOS3",0.449897230107709,233
"GSM6255913_Diabetes_1","Diabetes_ED","Arterial_endothelial","PECAM1",2.4118495039806,233
"GSM6255913_Diabetes_1","Diabetes_ED","Arterial_endothelial","PLVAP",0.362412791488558,233
"GSM6255913_Diabetes_1","Diabetes_ED","Arterial_endothelial","ROBO4",0.142514626669578,233
"GSM6255913_Diabetes_1","Diabetes_ED","Arterial_endothelial","SELE",0.0125840664356859,233
"GSM6255913_Diabetes_1","Diabetes_ED","Arterial_endothelial","SELP",0.00969927867211592,233
"GSM6255913_Diabetes_1","Diabetes_ED","Arterial_endothelial","SOX17",1.0752061985801,233
"GSM6255913_Diabetes_1","Diabetes_ED","Arterial_endothelial","VWF",1.27746611043006,233
"GSM6255913_Diabetes_1","Diabetes_ED","Endothelial_general","ACKR1",1.04644953291951,30
"GSM6255913_Diabetes_1","Diabetes_ED","Endothelial_general","CLDN5",1.2010643645869,30
"GSM6255913_Diabetes_1","Diabetes_ED","Endothelial_general","EFNB2",0.803314885454659,30
"GSM6255913_Diabetes_1","Diabetes_ED","Endothelial_general","EGLN3",0.0425864212021011,30
"GSM6255913_Diabetes_1","Diabetes_ED","Endothelial_general","EMCN",1.44465703445257,30
"GSM6255913_Diabetes_1","Diabetes_ED","Endothelial_general","EPAS1",1.34423820880408,30
"GSM6255913_Diabetes_1","Diabetes_ED","Endothelial_general","GJA5",0,30
"GSM6255913_Diabetes_1","Diabetes_ED","Endothelial_general","KDR",0.315849805323348,30
"GSM6255913_Diabetes_1","Diabetes_ED","Endothelial_general","NOS3",0.196041528999178,30
"GSM6255913_Diabetes_1","Diabetes_ED","Endothelial_general","PECAM1",1.27322314432951,30
"GSM6255913_Diabetes_1","Diabetes_ED","Endothelial_general","PLVAP",0.921852711094127,30
"GSM6255913_Diabetes_1","Diabetes_ED","Endothelial_general","ROBO4",0.421386589729532,30
"GSM6255913_Diabetes_1","Diabetes_ED","Endothelial_general","SELE",0.0368306164998535,30
"GSM6255913_Diabetes_1","Diabetes_ED","Endothelial_general","SELP",0,30
"GSM6255913_Diabetes_1","Diabetes_ED","Endothelial_general","SOX17",0.255106597843467,30
"GSM6255913_Diabetes_1","Diabetes_ED","Endothelial_general","VWF",2.31104529442068,30
"GSM6255914_Diabetes_2","Diabetes_ED","ACKR1_high_endothelial","ACKR1",2.14087334064279,13
"GSM6255914_Diabetes_2","Diabetes_ED","ACKR1_high_endothelial","CLDN5",0.770676395723052,13
"GSM6255914_Diabetes_2","Diabetes_ED","ACKR1_high_endothelial","EFNB2",0.65742166218835,13
"GSM6255914_Diabetes_2","Diabetes_ED","ACKR1_high_endothelial","EGLN3",0.170611178369472,13
"GSM6255914_Diabetes_2","Diabetes_ED","ACKR1_high_endothelial","EMCN",1.67312297908157,13
"GSM6255914_Diabetes_2","Diabetes_ED","ACKR1_high_endothelial","EPAS1",1.13742320282095,13
"GSM6255914_Diabetes_2","Diabetes_ED","ACKR1_high_endothelial","GJA5",0,13
"GSM6255914_Diabetes_2","Diabetes_ED","ACKR1_high_endothelial","KDR",0.560865803930946,13
"GSM6255914_Diabetes_2","Diabetes_ED","ACKR1_high_endothelial","NOS3",0.155843153510333,13
"GSM6255914_Diabetes_2","Diabetes_ED","ACKR1_high_endothelial","PECAM1",1.05171954882558,13
"GSM6255914_Diabetes_2","Diabetes_ED","ACKR1_high_endothelial","PLVAP",1.07119908458938,13
"GSM6255914_Diabetes_2","Diabetes_ED","ACKR1_high_endothelial","ROBO4",0.337308619817066,13
"GSM6255914_Diabetes_2","Diabetes_ED","ACKR1_high_endothelial","SELE",0.423215438188808,13
"GSM6255914_Diabetes_2","Diabetes_ED","ACKR1_high_endothelial","SELP",0.328002152383636,13
"GSM6255914_Diabetes_2","Diabetes_ED","ACKR1_high_endothelial","SOX17",0.368311356130163,13
"GSM6255914_Diabetes_2","Diabetes_ED","ACKR1_high_endothelial","VWF",2.41275748852597,13
"GSM6255914_Diabetes_2","Diabetes_ED","Activated_endothelial_SELE","ACKR1",2.00153897969243,9
"GSM6255914_Diabetes_2","Diabetes_ED","Activated_endothelial_SELE","CLDN5",1.09003125898485,9
"GSM6255914_Diabetes_2","Diabetes_ED","Activated_endothelial_SELE","EFNB2",1.37498008825236,9
"GSM6255914_Diabetes_2","Diabetes_ED","Activated_endothelial_SELE","EGLN3",0.232796290795575,9
"GSM6255914_Diabetes_2","Diabetes_ED","Activated_endothelial_SELE","EMCN",1.57963236495685,9
"GSM6255914_Diabetes_2","Diabetes_ED","Activated_endothelial_SELE","EPAS1",1.05989851050551,9
"GSM6255914_Diabetes_2","Diabetes_ED","Activated_endothelial_SELE","GJA5",0,9
"GSM6255914_Diabetes_2","Diabetes_ED","Activated_endothelial_SELE","KDR",0.719450464850746,9
"GSM6255914_Diabetes_2","Diabetes_ED","Activated_endothelial_SELE","NOS3",0,9
"GSM6255914_Diabetes_2","Diabetes_ED","Activated_endothelial_SELE","PECAM1",1.18101462359897,9
"GSM6255914_Diabetes_2","Diabetes_ED","Activated_endothelial_SELE","PLVAP",1.04071292316068,9
"GSM6255914_Diabetes_2","Diabetes_ED","Activated_endothelial_SELE","ROBO4",0.469870467094492,9
"GSM6255914_Diabetes_2","Diabetes_ED","Activated_endothelial_SELE","SELE",2.19106995918982,9
"GSM6255914_Diabetes_2","Diabetes_ED","Activated_endothelial_SELE","SELP",0.343346507568534,9
"GSM6255914_Diabetes_2","Diabetes_ED","Activated_endothelial_SELE","SOX17",1.31398529936421,9
"GSM6255914_Diabetes_2","Diabetes_ED","Activated_endothelial_SELE","VWF",2.32843442963041,9
"GSM6255914_Diabetes_2","Diabetes_ED","Arterial_endothelial","ACKR1",0.0138127562254066,60
"GSM6255914_Diabetes_2","Diabetes_ED","Arterial_endothelial","CLDN5",2.51071371176711,60
"GSM6255914_Diabetes_2","Diabetes_ED","Arterial_endothelial","EFNB2",1.33972940381723,60
"GSM6255914_Diabetes_2","Diabetes_ED","Arterial_endothelial","EGLN3",0.014735145963234,60
"GSM6255914_Diabetes_2","Diabetes_ED","Arterial_endothelial","EMCN",1.19110925272111,60
"GSM6255914_Diabetes_2","Diabetes_ED","Arterial_endothelial","EPAS1",2.08098842993423,60
"GSM6255914_Diabetes_2","Diabetes_ED","Arterial_endothelial","GJA5",1.29119678744349,60
"GSM6255914_Diabetes_2","Diabetes_ED","Arterial_endothelial","KDR",0.128809397500548,60
"GSM6255914_Diabetes_2","Diabetes_ED","Arterial_endothelial","NOS3",0.177752048533221,60
"GSM6255914_Diabetes_2","Diabetes_ED","Arterial_endothelial","PECAM1",2.61737018367722,60
"GSM6255914_Diabetes_2","Diabetes_ED","Arterial_endothelial","PLVAP",0.273355951711315,60
"GSM6255914_Diabetes_2","Diabetes_ED","Arterial_endothelial","ROBO4",0.246738433798898,60
"GSM6255914_Diabetes_2","Diabetes_ED","Arterial_endothelial","SELE",0.00519736168246804,60
"GSM6255914_Diabetes_2","Diabetes_ED","Arterial_endothelial","SELP",0.132879707523427,60
"GSM6255914_Diabetes_2","Diabetes_ED","Arterial_endothelial","SOX17",0.537779099897983,60
"GSM6255914_Diabetes_2","Diabetes_ED","Arterial_endothelial","VWF",2.10904836792512,60
"GSM6255914_Diabetes_2","Diabetes_ED","Endothelial_general","ACKR1",0.427559521757368,25
"GSM6255914_Diabetes_2","Diabetes_ED","Endothelial_general","CLDN5",0.386044702271133,25
"GSM6255914_Diabetes_2","Diabetes_ED","Endothelial_general","EFNB2",1.05723161724226,25
"GSM6255914_Diabetes_2","Diabetes_ED","Endothelial_general","EGLN3",0.286050068120941,25
"GSM6255914_Diabetes_2","Diabetes_ED","Endothelial_general","EMCN",1.85862281842159,25
"GSM6255914_Diabetes_2","Diabetes_ED","Endothelial_general","EPAS1",0.97690312585022,25
"GSM6255914_Diabetes_2","Diabetes_ED","Endothelial_general","GJA5",0,25
"GSM6255914_Diabetes_2","Diabetes_ED","Endothelial_general","KDR",0.566061124037763,25
"GSM6255914_Diabetes_2","Diabetes_ED","Endothelial_general","NOS3",0.0892481654731218,25
"GSM6255914_Diabetes_2","Diabetes_ED","Endothelial_general","PECAM1",1.37484075334341,25
"GSM6255914_Diabetes_2","Diabetes_ED","Endothelial_general","PLVAP",1.10589033855496,25
"GSM6255914_Diabetes_2","Diabetes_ED","Endothelial_general","ROBO4",0.385658502008093,25
"GSM6255914_Diabetes_2","Diabetes_ED","Endothelial_general","SELE",0,25
"GSM6255914_Diabetes_2","Diabetes_ED","Endothelial_general","SELP",0.0245446452302901,25
"GSM6255914_Diabetes_2","Diabetes_ED","Endothelial_general","SOX17",0.0367153474856959,25
"GSM6255914_Diabetes_2","Diabetes_ED","Endothelial_general","VWF",1.64091465435746,25
