"subtype","gene"
"Endothelial_general","F8"
"Endothelial_general","GJA4"
"Endothelial_general","NRP2"
"Endothelial_general","EGLN3"
"Endothelial_general","VWF"
"Endothelial_general","PECAM1"
"Endothelial_general","CLDN5"
"Endothelial_general","EMCN"
"Endothelial_general","HLA-DQA2"
"Endothelial_general","FAM188B"
"Endothelial_general","ACKR4"
"Endothelial_general","PLA2R1"
"Endothelial_general","IL34"
"Endothelial_general","INMT"
"Endothelial_general","MAFB"
"Endothelial_general","KIT"
"Endothelial_general","SCNN1B"
"Endothelial_general","PDE1A"
"Endothelial_general","FAM118A"
"Endothelial_general","ADGRG6"
"Endothelial_general","GPRC5C"
"Endothelial_general","FLRT2"
"Endothelial_general","BMP4"
"Endothelial_general","WFS1"
"Endothelial_general","AKR1C2"
"Endothelial_general","ABHD6"
"Endothelial_general","C6orf141"
"Activated_endothelial_SELE","SELE"
"Activated_endothelial_SELE","SOX17"
"Activated_endothelial_SELE","RHOU"
"Activated_endothelial_SELE","FOSL1"
"Activated_endothelial_SELE","EDN1"
"Activated_endothelial_SELE","ICAM1"
"Activated_endothelial_SELE","VCAM1"
"Activated_endothelial_SELE","CSF3"
"Activated_endothelial_SELE","DUSP2"
"Activated_endothelial_SELE","MT1A"
"Activated_endothelial_SELE","ADAMTS4"
"Activated_endothelial_SELE","MT2A"
"Activated_endothelial_SELE","MT1E"
"Activated_endothelial_SELE","MT1M"
"Activated_endothelial_SELE","MT1X"
"Activated_endothelial_SELE","B3GNT5"
"Activated_endothelial_SELE","MAFF"
"Activated_endothelial_SELE","AKAP12"
"Activated_endothelial_SELE","RND1"
"Activated_endothelial_SELE","MIR22HG"
"Activated_endothelial_SELE","C11orf96"
"Activated_endothelial_SELE","RP4-549L20.3"
"Activated_endothelial_SELE","CCL2"
"Activated_endothelial_SELE","CDKN1A"
"Activated_endothelial_SELE","RFX2"
"ACKR1_high_endothelial","ACKR1"
"ACKR1_high_endothelial","SELP"
"ACKR1_high_endothelial","AQP1"
"ACKR1_high_endothelial","MEOX1"
"ACKR1_high_endothelial","KRT7"
"ACKR1_high_endothelial","DOCK11"
"ACKR1_high_endothelial","HOPX"
"ACKR1_high_endothelial","EPS8L2"
"ACKR1_high_endothelial","PLPP2"
"ACKR1_high_endothelial","LEF1"
"ACKR1_high_endothelial","DEGS2"
"ACKR1_high_endothelial","ELOVL7"
"ACKR1_high_endothelial","EPB41L3"
"ACKR1_high_endothelial","CPVL"
"ACKR1_high_endothelial","ADM5"
"ACKR1_high_endothelial","HLA-DQA1"
"ACKR1_high_endothelial","VWA1"
"ACKR1_high_endothelial","C14orf132"
"ACKR1_high_endothelial","ADAMTSL1"
"ACKR1_high_endothelial","PTPN5"
"Arterial_endothelial","GJA5"
"Arterial_endothelial","HEY1"
"Arterial_endothelial","IGF2"
"Arterial_endothelial","EPHA3"
"Arterial_endothelial","EFNB2"
"Arterial_endothelial","SEMA3G"
"Arterial_endothelial","LINC00982"
"Arterial_endothelial","KRT19"
"Arterial_endothelial","TMEM178A"
"Arterial_endothelial","SERPINE2"
"Arterial_endothelial","PRDM16"
"Arterial_endothelial","ADRA2C"
"Arterial_endothelial","AC004540.4"
"Arterial_endothelial","CLIC5"
"Arterial_endothelial","NEBL"
"Arterial_endothelial","PCSK5"
"Arterial_endothelial","DHH"
"Arterial_endothelial","SYT1"
"Arterial_endothelial","SLITRK4"
"Arterial_endothelial","TMEM100"
"Arterial_endothelial","CXCL12"
