"gene_symbol","n_runs","median_logFC","min_logFC","max_logFC","positive_runs","negative_runs","direction_consistency","raw_P_lt_0.05","FDR_lt_0.05"
"Agpat2",10,1.18640638126274,1.09628108057439,1.26371419050697,10,0,1,10,2
"Andpro",10,-2.78862138285969,-3.17995218189812,-2.61088792930842,0,10,1,10,1
"B4galt1",10,1.28005937831387,1.19185276321767,1.36902770215605,10,0,1,10,1
"Edn1",10,-0.258241129619989,-0.4175576187048,-0.160172652735568,0,10,1,1,0
"Fosl1",10,-0.647483589322726,-0.848078839491887,-0.464840235968388,0,10,1,2,0
"Gja5",10,-0.248345351407481,-0.433281887814871,-0.142690184073563,0,10,1,1,0
"Hmgcs2",10,4.57768992642729,4.43915410254229,4.92428896586547,10,0,1,10,9
"Lpl",10,1.45721341137123,1.38081261848276,1.56554345099009,10,0,1,10,5
"Vwf",10,0.287308547471428,0.0761490862027117,0.328703978997138,10,0,1,0,0
"Eng",10,0.127009074171439,-0.00032616353567505,0.23982335986528,9,1,0.9,0,0
"Nos3",10,0.139294520751521,-0.154724052682056,0.287779056265029,9,1,0.9,0,0
"Icam1",10,0.285811737048519,-0.224387639394019,0.539220027212727,8,2,0.8,0,0
"Pecam1",10,0.0575361654180355,-0.0386666595817875,0.150668728039937,8,2,0.8,0,0
"Kdr",10,-0.0428210201143826,-0.120182822600484,0.129001579041834,3,7,0.7,0,0
"Sele",10,0.0862427853756316,-0.403727898706668,0.193348533116266,6,4,0.6,0,0
