"Var1","Freq"
"ACKR1_endothelial",1811
"ACKR1_high_endothelial",1872
"Activated_endothelial",2866
"Activated_endothelial_PGF",1896
"Angiogenic_endothelial",2076
"Arterial_endothelial",1413
"CCL14_stromal",4927
"CTGF_activated_stromal",2606
"Endothelial_general",4109
"Fibroblast_COL1A1",2238
"Fibroblast_matrix",7751
"Hypoxic_perivascular",1448
"LRRC15_fibroblast",399
"Macrophage",1921
"Mixed_endothelial_immune",2430
"NK_T_cytotoxic",1665
"Pericyte_1",4004
"Pericyte_2",424
"PROX1_endothelial",2879
"PTGDS_stromal",6211
"RARRES1_stromal",2673
"Schwann_neural_glia",119
"Smooth_muscle",3156
"Stress_response_unresolved",3098
"T_cell",223
"Unresolved_CLDN1_GPC3",778
