"donor_for_analysis","group_for_analysis","ACKR1_SELE_state","cells","total_endothelial","proportion","percent"
"GSM6255907_Normal_1","Normal","ACKR1_high_SELE_high",18,121,0.148760330578512,14.8760330578512
"GSM6255907_Normal_1","Normal","ACKR1_high_SELE_low",47,121,0.388429752066116,38.8429752066116
"GSM6255907_Normal_1","Normal","ACKR1_low_SELE_high",10,121,0.0826446280991736,8.26446280991736
"GSM6255907_Normal_1","Normal","ACKR1_low_SELE_low",46,121,0.380165289256198,38.0165289256198
"GSM6255908_Normal_2","Normal","ACKR1_high_SELE_high",90,1615,0.0557275541795666,5.57275541795666
"GSM6255908_Normal_2","Normal","ACKR1_high_SELE_low",282,1615,0.174613003095975,17.4613003095975
"GSM6255908_Normal_2","Normal","ACKR1_low_SELE_high",161,1615,0.0996904024767802,9.96904024767802
"GSM6255908_Normal_2","Normal","ACKR1_low_SELE_low",1082,1615,0.669969040247678,66.9969040247678
"GSM6255909_Normal_3","Normal","ACKR1_high_SELE_high",48,2497,0.0192230676812175,1.92230676812175
"GSM6255909_Normal_3","Normal","ACKR1_high_SELE_low",337,2497,0.134961954345214,13.4961954345214
"GSM6255909_Normal_3","Normal","ACKR1_low_SELE_high",180,2497,0.0720865038045655,7.20865038045655
"GSM6255909_Normal_3","Normal","ACKR1_low_SELE_low",1932,2497,0.773728474169003,77.3728474169003
"GSM6255910_non-DM1","non-DM_ED","ACKR1_high_SELE_high",791,3276,0.241452991452991,24.1452991452991
"GSM6255910_non-DM1","non-DM_ED","ACKR1_high_SELE_low",148,3276,0.0451770451770452,4.51770451770452
"GSM6255910_non-DM1","non-DM_ED","ACKR1_low_SELE_high",1529,3276,0.466727716727717,46.6727716727717
"GSM6255910_non-DM1","non-DM_ED","ACKR1_low_SELE_low",808,3276,0.246642246642247,24.6642246642247
"GSM6255911_non-DM2","non-DM_ED","ACKR1_high_SELE_high",8,84,0.0952380952380952,9.52380952380952
"GSM6255911_non-DM2","non-DM_ED","ACKR1_high_SELE_low",17,84,0.202380952380952,20.2380952380952
"GSM6255911_non-DM2","non-DM_ED","ACKR1_low_SELE_high",27,84,0.321428571428571,32.1428571428571
"GSM6255911_non-DM2","non-DM_ED","ACKR1_low_SELE_low",32,84,0.380952380952381,38.0952380952381
"GSM6255912_non-DM3","non-DM_ED","ACKR1_high_SELE_high",235,1177,0.199660152931181,19.9660152931181
"GSM6255912_non-DM3","non-DM_ED","ACKR1_high_SELE_low",431,1177,0.366185216652506,36.6185216652506
"GSM6255912_non-DM3","non-DM_ED","ACKR1_low_SELE_high",155,1177,0.131690739167375,13.1690739167375
"GSM6255912_non-DM3","non-DM_ED","ACKR1_low_SELE_low",356,1177,0.302463891248938,30.2463891248938
"GSM6255913_Diabetes_1","Diabetes_ED","ACKR1_high_SELE_high",773,1383,0.558929862617498,55.8929862617498
"GSM6255913_Diabetes_1","Diabetes_ED","ACKR1_high_SELE_low",411,1383,0.297180043383948,29.7180043383948
"GSM6255913_Diabetes_1","Diabetes_ED","ACKR1_low_SELE_high",68,1383,0.0491684743311641,4.91684743311641
"GSM6255913_Diabetes_1","Diabetes_ED","ACKR1_low_SELE_low",131,1383,0.0947216196673897,9.47216196673897
"GSM6255914_Diabetes_2","Diabetes_ED","ACKR1_high_SELE_high",16,107,0.149532710280374,14.9532710280374
"GSM6255914_Diabetes_2","Diabetes_ED","ACKR1_high_SELE_low",12,107,0.11214953271028,11.214953271028
"GSM6255914_Diabetes_2","Diabetes_ED","ACKR1_low_SELE_high",40,107,0.373831775700935,37.3831775700935
"GSM6255914_Diabetes_2","Diabetes_ED","ACKR1_low_SELE_low",39,107,0.364485981308411,36.4485981308411
