"group","celltype_corrected","gene","n_samples_total","n_expression_values","mean_expression","sd_expression","median_expression"
"Diabetes_ED","ACKR1_high_endothelial","ACKR1",2,2,2.75127415136026,NA,2.75127415136026
"Diabetes_ED","ACKR1_high_endothelial","CLDN5",2,2,1.19128449062493,NA,1.19128449062493
"Diabetes_ED","ACKR1_high_endothelial","EFNB2",2,2,0.530958496555505,NA,0.530958496555505
"Diabetes_ED","ACKR1_high_endothelial","EGLN3",2,2,0.099202787582637,NA,0.099202787582637
"Diabetes_ED","ACKR1_high_endothelial","EMCN",2,2,1.59182430326873,NA,1.59182430326873
"Diabetes_ED","ACKR1_high_endothelial","EPAS1",2,2,1.2159366064353,NA,1.2159366064353
"Diabetes_ED","ACKR1_high_endothelial","GJA5",2,2,0,NA,0
"Diabetes_ED","ACKR1_high_endothelial","KDR",2,2,0.579751461668946,NA,0.579751461668946
"Diabetes_ED","ACKR1_high_endothelial","NOS3",2,2,0.269250557410022,NA,0.269250557410022
"Diabetes_ED","ACKR1_high_endothelial","PECAM1",2,2,1.45314301676943,NA,1.45314301676943
"Diabetes_ED","ACKR1_high_endothelial","PLVAP",2,2,1.22100743489946,NA,1.22100743489946
"Diabetes_ED","ACKR1_high_endothelial","ROBO4",2,2,0.335013534664191,NA,0.335013534664191
"Diabetes_ED","ACKR1_high_endothelial","SELE",2,2,0.744359305830981,NA,0.744359305830981
"Diabetes_ED","ACKR1_high_endothelial","SELP",2,2,0.526559252415071,NA,0.526559252415071
"Diabetes_ED","ACKR1_high_endothelial","SOX17",2,2,0.424264899047835,NA,0.424264899047835
"Diabetes_ED","ACKR1_high_endothelial","VWF",2,2,2.36976279171916,NA,2.36976279171916
"Diabetes_ED","Activated_endothelial_SELE","ACKR1",2,2,2.1803171224867,NA,2.1803171224867
"Diabetes_ED","Activated_endothelial_SELE","CLDN5",2,2,1.03044890026638,NA,1.03044890026638
"Diabetes_ED","Activated_endothelial_SELE","EFNB2",2,2,0.926299283006365,NA,0.926299283006365
"Diabetes_ED","Activated_endothelial_SELE","EGLN3",2,2,0.116398145397788,NA,0.116398145397788
"Diabetes_ED","Activated_endothelial_SELE","EMCN",2,2,1.54464479503276,NA,1.54464479503276
"Diabetes_ED","Activated_endothelial_SELE","EPAS1",2,2,0.903791912728724,NA,0.903791912728724
"Diabetes_ED","Activated_endothelial_SELE","GJA5",2,2,0,NA,0
"Diabetes_ED","Activated_endothelial_SELE","KDR",2,2,0.586868616236699,NA,0.586868616236699
"Diabetes_ED","Activated_endothelial_SELE","NOS3",2,2,0,NA,0
"Diabetes_ED","Activated_endothelial_SELE","PECAM1",2,2,0.952976616841223,NA,0.952976616841223
"Diabetes_ED","Activated_endothelial_SELE","PLVAP",2,2,0.87006425507785,NA,0.87006425507785
"Diabetes_ED","Activated_endothelial_SELE","ROBO4",2,2,0.460138072681821,NA,0.460138072681821
"Diabetes_ED","Activated_endothelial_SELE","SELE",2,2,1.68090842393778,NA,1.68090842393778
"Diabetes_ED","Activated_endothelial_SELE","SELP",2,2,0.171673253784267,NA,0.171673253784267
"Diabetes_ED","Activated_endothelial_SELE","SOX17",2,2,1.18664525740835,NA,1.18664525740835
"Diabetes_ED","Activated_endothelial_SELE","VWF",2,2,2.42435317049797,NA,2.42435317049797
"Diabetes_ED","Arterial_endothelial","ACKR1",2,2,0.0956616941953893,NA,0.0956616941953893
"Diabetes_ED","Arterial_endothelial","CLDN5",2,2,2.63789655085911,NA,2.63789655085911
"Diabetes_ED","Arterial_endothelial","EFNB2",2,2,1.34939038242928,NA,1.34939038242928
"Diabetes_ED","Arterial_endothelial","EGLN3",2,2,0.0156938536326891,NA,0.0156938536326891
"Diabetes_ED","Arterial_endothelial","EMCN",2,2,1.32060081743027,NA,1.32060081743027
"Diabetes_ED","Arterial_endothelial","EPAS1",2,2,2.02970523358005,NA,2.02970523358005
"Diabetes_ED","Arterial_endothelial","GJA5",2,2,0.818182780865677,NA,0.818182780865677
"Diabetes_ED","Arterial_endothelial","KDR",2,2,0.202495434464576,NA,0.202495434464576
"Diabetes_ED","Arterial_endothelial","NOS3",2,2,0.313824639320465,NA,0.313824639320465
"Diabetes_ED","Arterial_endothelial","PECAM1",2,2,2.51460984382891,NA,2.51460984382891
"Diabetes_ED","Arterial_endothelial","PLVAP",2,2,0.317884371599937,NA,0.317884371599937
"Diabetes_ED","Arterial_endothelial","ROBO4",2,2,0.194626530234238,NA,0.194626530234238
"Diabetes_ED","Arterial_endothelial","SELE",2,2,0.00889071405907697,NA,0.00889071405907697
"Diabetes_ED","Arterial_endothelial","SELP",2,2,0.0712894930977712,NA,0.0712894930977712
"Diabetes_ED","Arterial_endothelial","SOX17",2,2,0.80649264923904,NA,0.80649264923904
"Diabetes_ED","Arterial_endothelial","VWF",2,2,1.69325723917759,NA,1.69325723917759
"Diabetes_ED","Endothelial_general","ACKR1",2,2,0.73700452733844,NA,0.73700452733844
"Diabetes_ED","Endothelial_general","CLDN5",2,2,0.793554533429016,NA,0.793554533429016
"Diabetes_ED","Endothelial_general","EFNB2",2,2,0.93027325134846,NA,0.93027325134846
"Diabetes_ED","Endothelial_general","EGLN3",2,2,0.164318244661521,NA,0.164318244661521
"Diabetes_ED","Endothelial_general","EMCN",2,2,1.65163992643708,NA,1.65163992643708
"Diabetes_ED","Endothelial_general","EPAS1",2,2,1.16057066732715,NA,1.16057066732715
"Diabetes_ED","Endothelial_general","GJA5",2,2,0,NA,0
"Diabetes_ED","Endothelial_general","KDR",2,2,0.440955464680556,NA,0.440955464680556
"Diabetes_ED","Endothelial_general","NOS3",2,2,0.14264484723615,NA,0.14264484723615
"Diabetes_ED","Endothelial_general","PECAM1",2,2,1.32403194883646,NA,1.32403194883646
"Diabetes_ED","Endothelial_general","PLVAP",2,2,1.01387152482454,NA,1.01387152482454
"Diabetes_ED","Endothelial_general","ROBO4",2,2,0.403522545868813,NA,0.403522545868813
"Diabetes_ED","Endothelial_general","SELE",2,2,0.0184153082499268,NA,0.0184153082499268
"Diabetes_ED","Endothelial_general","SELP",2,2,0.0122723226151451,NA,0.0122723226151451
"Diabetes_ED","Endothelial_general","SOX17",2,2,0.145910972664581,NA,0.145910972664581
"Diabetes_ED","Endothelial_general","VWF",2,2,1.97597997438907,NA,1.97597997438907
"Normal","ACKR1_high_endothelial","ACKR1",3,3,2.49099009403864,NA,2.49099009403864
"Normal","ACKR1_high_endothelial","CLDN5",3,3,1.93984727291146,NA,1.93984727291146
"Normal","ACKR1_high_endothelial","EFNB2",3,3,0.34036151079848,NA,0.34036151079848
"Normal","ACKR1_high_endothelial","EGLN3",3,3,0.0732009952110333,NA,0.0732009952110333
"Normal","ACKR1_high_endothelial","EMCN",3,3,1.55246511527675,NA,1.55246511527675
"Normal","ACKR1_high_endothelial","EPAS1",3,3,0.987892895623479,NA,0.987892895623479
"Normal","ACKR1_high_endothelial","GJA5",3,3,0,NA,0
"Normal","ACKR1_high_endothelial","KDR",3,3,0.587087873394438,NA,0.587087873394438
"Normal","ACKR1_high_endothelial","NOS3",3,3,0.104221225518783,NA,0.104221225518783
"Normal","ACKR1_high_endothelial","PECAM1",3,3,1.48515472465144,NA,1.48515472465144
"Normal","ACKR1_high_endothelial","PLVAP",3,3,1.19731684171152,NA,1.19731684171152
"Normal","ACKR1_high_endothelial","ROBO4",3,3,0.707391383540822,NA,0.707391383540822
"Normal","ACKR1_high_endothelial","SELE",3,3,0.201323991813134,NA,0.201323991813134
"Normal","ACKR1_high_endothelial","SELP",3,3,0.439289775498363,NA,0.439289775498363
"Normal","ACKR1_high_endothelial","SOX17",3,3,0.427664968250598,NA,0.427664968250598
"Normal","ACKR1_high_endothelial","VWF",3,3,2.31807059447921,NA,2.31807059447921
"Normal","Activated_endothelial_SELE","ACKR1",1,1,0.262474103986013,NA,0.262474103986013
"Normal","Activated_endothelial_SELE","CLDN5",1,1,1.86176440165657,NA,1.86176440165657
"Normal","Activated_endothelial_SELE","EFNB2",1,1,1.11237368165962,NA,1.11237368165962
"Normal","Activated_endothelial_SELE","EGLN3",1,1,0.269016185380431,NA,0.269016185380431
"Normal","Activated_endothelial_SELE","EMCN",1,1,1.50332513444518,NA,1.50332513444518
"Normal","Activated_endothelial_SELE","EPAS1",1,1,1.31835410081753,NA,1.31835410081753
"Normal","Activated_endothelial_SELE","GJA5",1,1,0,NA,0
"Normal","Activated_endothelial_SELE","KDR",1,1,0.388920542282319,NA,0.388920542282319
"Normal","Activated_endothelial_SELE","NOS3",1,1,0,NA,0
"Normal","Activated_endothelial_SELE","PECAM1",1,1,1.81233631840923,NA,1.81233631840923
"Normal","Activated_endothelial_SELE","PLVAP",1,1,0.97829458789199,NA,0.97829458789199
"Normal","Activated_endothelial_SELE","ROBO4",1,1,0,NA,0
"Normal","Activated_endothelial_SELE","SELE",1,1,0,NA,0
"Normal","Activated_endothelial_SELE","SELP",1,1,0,NA,0
"Normal","Activated_endothelial_SELE","SOX17",1,1,0.262474103986013,NA,0.262474103986013
"Normal","Activated_endothelial_SELE","VWF",1,1,2.21896539699649,NA,2.21896539699649
"Normal","Arterial_endothelial","ACKR1",3,3,0.0298313225060603,NA,0.0298313225060603
"Normal","Arterial_endothelial","CLDN5",3,3,3.36841960032225,NA,3.36841960032225
"Normal","Arterial_endothelial","EFNB2",3,3,1.47373332396231,NA,1.47373332396231
"Normal","Arterial_endothelial","EGLN3",3,3,0.140434937557359,NA,0.140434937557359
"Normal","Arterial_endothelial","EMCN",3,3,1.46184890536586,NA,1.46184890536586
"Normal","Arterial_endothelial","EPAS1",3,3,2.02657679553992,NA,2.02657679553992
"Normal","Arterial_endothelial","GJA5",3,3,0.515650283993192,NA,0.515650283993192
"Normal","Arterial_endothelial","KDR",3,3,0.152230229046687,NA,0.152230229046687
"Normal","Arterial_endothelial","NOS3",3,3,0.225437148833423,NA,0.225437148833423
"Normal","Arterial_endothelial","PECAM1",3,3,2.32873428687338,NA,2.32873428687338
"Normal","Arterial_endothelial","PLVAP",3,3,0.39260047354829,NA,0.39260047354829
"Normal","Arterial_endothelial","ROBO4",3,3,0.418121373484478,NA,0.418121373484478
"Normal","Arterial_endothelial","SELE",3,3,0.00359058538847056,NA,0.00359058538847056
"Normal","Arterial_endothelial","SELP",3,3,0.0424257245791892,NA,0.0424257245791892
"Normal","Arterial_endothelial","SOX17",3,3,1.00490317915621,NA,1.00490317915621
"Normal","Arterial_endothelial","VWF",3,3,1.35956434299326,NA,1.35956434299326
"Normal","Endothelial_general","ACKR1",3,3,0.484689285366467,NA,0.484689285366467
"Normal","Endothelial_general","CLDN5",3,3,1.39757411138838,NA,1.39757411138838
"Normal","Endothelial_general","EFNB2",3,3,1.10929560320835,NA,1.10929560320835
"Normal","Endothelial_general","EGLN3",3,3,0.44346701576523,NA,0.44346701576523
"Normal","Endothelial_general","EMCN",3,3,1.81476963105835,NA,1.81476963105835
"Normal","Endothelial_general","EPAS1",3,3,1.16799132978345,NA,1.16799132978345
"Normal","Endothelial_general","GJA5",3,3,0.000474863290473598,NA,0.000474863290473598
"Normal","Endothelial_general","KDR",3,3,0.49494081321932,NA,0.49494081321932
"Normal","Endothelial_general","NOS3",3,3,0.12721030141621,NA,0.12721030141621
"Normal","Endothelial_general","PECAM1",3,3,1.41302422728105,NA,1.41302422728105
"Normal","Endothelial_general","PLVAP",3,3,1.08074381562329,NA,1.08074381562329
"Normal","Endothelial_general","ROBO4",3,3,0.517318268791401,NA,0.517318268791401
"Normal","Endothelial_general","SELE",3,3,0.0220005630818464,NA,0.0220005630818464
"Normal","Endothelial_general","SELP",3,3,0.00618465371620089,NA,0.00618465371620089
"Normal","Endothelial_general","SOX17",3,3,0.101820759050714,NA,0.101820759050714
"Normal","Endothelial_general","VWF",3,3,2.51054674421446,NA,2.51054674421446
"non-DM_ED","ACKR1_high_endothelial","ACKR1",3,3,2.18379411723096,NA,2.18379411723096
"non-DM_ED","ACKR1_high_endothelial","CLDN5",3,3,1.54022171133113,NA,1.54022171133113
"non-DM_ED","ACKR1_high_endothelial","EFNB2",3,3,0.530455708389657,NA,0.530455708389657
"non-DM_ED","ACKR1_high_endothelial","EGLN3",3,3,0.0242489920450943,NA,0.0242489920450943
"non-DM_ED","ACKR1_high_endothelial","EMCN",3,3,1.74960382023829,NA,1.74960382023829
"non-DM_ED","ACKR1_high_endothelial","EPAS1",3,3,1.25571922784205,NA,1.25571922784205
"non-DM_ED","ACKR1_high_endothelial","GJA5",3,3,0.00172469706232769,NA,0.00172469706232769
"non-DM_ED","ACKR1_high_endothelial","KDR",3,3,0.624222809722749,NA,0.624222809722749
"non-DM_ED","ACKR1_high_endothelial","NOS3",3,3,0.145782250956317,NA,0.145782250956317
"non-DM_ED","ACKR1_high_endothelial","PECAM1",3,3,1.34919157698564,NA,1.34919157698564
"non-DM_ED","ACKR1_high_endothelial","PLVAP",3,3,0.793996935999848,NA,0.793996935999848
"non-DM_ED","ACKR1_high_endothelial","ROBO4",3,3,0.425391790684302,NA,0.425391790684302
"non-DM_ED","ACKR1_high_endothelial","SELE",3,3,0.329672967391074,NA,0.329672967391074
"non-DM_ED","ACKR1_high_endothelial","SELP",3,3,0.366576117539386,NA,0.366576117539386
"non-DM_ED","ACKR1_high_endothelial","SOX17",3,3,0.353507346935168,NA,0.353507346935168
"non-DM_ED","ACKR1_high_endothelial","VWF",3,3,1.94542173203629,NA,1.94542173203629
"non-DM_ED","Activated_endothelial_SELE","ACKR1",1,1,0.899510528468605,NA,0.899510528468605
"non-DM_ED","Activated_endothelial_SELE","CLDN5",1,1,0.979748357332722,NA,0.979748357332722
"non-DM_ED","Activated_endothelial_SELE","EFNB2",1,1,1.02456115821002,NA,1.02456115821002
"non-DM_ED","Activated_endothelial_SELE","EGLN3",1,1,0.121629503490691,NA,0.121629503490691
"non-DM_ED","Activated_endothelial_SELE","EMCN",1,1,2.14477252751969,NA,2.14477252751969
"non-DM_ED","Activated_endothelial_SELE","EPAS1",1,1,1.42771876645712,NA,1.42771876645712
"non-DM_ED","Activated_endothelial_SELE","GJA5",1,1,0.00111365328181757,NA,0.00111365328181757
"non-DM_ED","Activated_endothelial_SELE","KDR",1,1,0.272249180269415,NA,0.272249180269415
"non-DM_ED","Activated_endothelial_SELE","NOS3",1,1,0.127341258683612,NA,0.127341258683612
"non-DM_ED","Activated_endothelial_SELE","PECAM1",1,1,1.06134459971083,NA,1.06134459971083
"non-DM_ED","Activated_endothelial_SELE","PLVAP",1,1,0.750301936771283,NA,0.750301936771283
"non-DM_ED","Activated_endothelial_SELE","ROBO4",1,1,0.345269003919418,NA,0.345269003919418
"non-DM_ED","Activated_endothelial_SELE","SELE",1,1,0.848004866254963,NA,0.848004866254963
"non-DM_ED","Activated_endothelial_SELE","SELP",1,1,0.127964689216316,NA,0.127964689216316
"non-DM_ED","Activated_endothelial_SELE","SOX17",1,1,0.922976942770009,NA,0.922976942770009
"non-DM_ED","Activated_endothelial_SELE","VWF",1,1,1.87550593904008,NA,1.87550593904008
"non-DM_ED","Arterial_endothelial","ACKR1",3,3,0.0616520454640032,NA,0.0616520454640032
"non-DM_ED","Arterial_endothelial","CLDN5",3,3,2.75545450037819,NA,2.75545450037819
"non-DM_ED","Arterial_endothelial","EFNB2",3,3,1.41134989060621,NA,1.41134989060621
"non-DM_ED","Arterial_endothelial","EGLN3",3,3,0.0463512991880987,NA,0.0463512991880987
"non-DM_ED","Arterial_endothelial","EMCN",3,3,1.52363180496912,NA,1.52363180496912
"non-DM_ED","Arterial_endothelial","EPAS1",3,3,2.09655560186611,NA,2.09655560186611
"non-DM_ED","Arterial_endothelial","GJA5",3,3,0.601692552854833,NA,0.601692552854833
"non-DM_ED","Arterial_endothelial","KDR",3,3,0.19407003193349,NA,0.19407003193349
"non-DM_ED","Arterial_endothelial","NOS3",3,3,0.303292146170958,NA,0.303292146170958
"non-DM_ED","Arterial_endothelial","PECAM1",3,3,2.31188318527948,NA,2.31188318527948
"non-DM_ED","Arterial_endothelial","PLVAP",3,3,0.246135653047802,NA,0.246135653047802
"non-DM_ED","Arterial_endothelial","ROBO4",3,3,0.291360320842082,NA,0.291360320842082
"non-DM_ED","Arterial_endothelial","SELE",3,3,0.0285320077444963,NA,0.0285320077444963
"non-DM_ED","Arterial_endothelial","SELP",3,3,0.0108241631909865,NA,0.0108241631909865
"non-DM_ED","Arterial_endothelial","SOX17",3,3,1.04214431312757,NA,1.04214431312757
"non-DM_ED","Arterial_endothelial","VWF",3,3,1.62302474051312,NA,1.62302474051312
"non-DM_ED","Endothelial_general","ACKR1",3,3,0.349057266400524,NA,0.349057266400524
"non-DM_ED","Endothelial_general","CLDN5",3,3,1.13605813182381,NA,1.13605813182381
"non-DM_ED","Endothelial_general","EFNB2",3,3,0.686973553953928,NA,0.686973553953928
"non-DM_ED","Endothelial_general","EGLN3",3,3,0.21061589622379,NA,0.21061589622379
"non-DM_ED","Endothelial_general","EMCN",3,3,2.03365344981216,NA,2.03365344981216
"non-DM_ED","Endothelial_general","EPAS1",3,3,0.954239134240334,NA,0.954239134240334
"non-DM_ED","Endothelial_general","GJA5",3,3,0,NA,0
"non-DM_ED","Endothelial_general","KDR",3,3,0.475759501144652,NA,0.475759501144652
"non-DM_ED","Endothelial_general","NOS3",3,3,0.094143357504671,NA,0.094143357504671
"non-DM_ED","Endothelial_general","PECAM1",3,3,1.13333591050689,NA,1.13333591050689
"non-DM_ED","Endothelial_general","PLVAP",3,3,1.1496436733885,NA,1.1496436733885
"non-DM_ED","Endothelial_general","ROBO4",3,3,0.361458851488423,NA,0.361458851488423
"non-DM_ED","Endothelial_general","SELE",3,3,0.0230807392265025,NA,0.0230807392265025
"non-DM_ED","Endothelial_general","SELP",3,3,0.00562483323175761,NA,0.00562483323175761
"non-DM_ED","Endothelial_general","SOX17",3,3,0.107508196445756,NA,0.107508196445756
"non-DM_ED","Endothelial_general","VWF",3,3,2.32896460700951,NA,2.32896460700951
