"file","spots","features","metadata_columns","cluster_column","cluster_number","cluster_counts"
"GSE261085_L13_Seurat_broad_annotated.rds",4627,32151,"orig.ident; nCount_RNA; nFeature_RNA; dataset; sample_id; spatial_level; percent.mt; percent.ribo; spatial_x; spatial_y; RNA_snn_res.0.2; RNA_snn_res.0.4; RNA_snn_res.0.6; RNA_snn_res.0.8; seurat_clusters; broad_region","seurat_clusters",8,"0=1107; 1=956; 2=950; 3=784; 4=613; 5=97; 6=81; 7=39"
"GSE261085_L13_Seurat_broad_annotated_final.rds",4627,32151,"orig.ident; nCount_RNA; nFeature_RNA; dataset; sample_id; spatial_level; percent.mt; percent.ribo; spatial_x; spatial_y; RNA_snn_res.0.2; RNA_snn_res.0.4; RNA_snn_res.0.6; RNA_snn_res.0.8; seurat_clusters; broad_region","seurat_clusters",8,"0=1107; 1=956; 2=950; 3=784; 4=613; 5=97; 6=81; 7=39"
"GSE261085_L13_Seurat_clustered_preliminary.rds",4627,32151,"orig.ident; nCount_RNA; nFeature_RNA; dataset; sample_id; spatial_level; percent.mt; percent.ribo; spatial_x; spatial_y; RNA_snn_res.0.2; RNA_snn_res.0.4; RNA_snn_res.0.6; RNA_snn_res.0.8; seurat_clusters","seurat_clusters",8,"0=1107; 1=956; 2=950; 3=784; 4=613; 5=97; 6=81; 7=39"
"GSE261085_L13_Seurat_endothelial_spatial_states_final.rds",4627,32151,"orig.ident; nCount_RNA; nFeature_RNA; dataset; sample_id; spatial_level; percent.mt; percent.ribo; spatial_x; spatial_y; RNA_snn_res.0.2; RNA_snn_res.0.4; RNA_snn_res.0.6; RNA_snn_res.0.8; seurat_clusters; broad_region; Score_Endothelial_general; Z_Endothelial_general; Score_Activated_endothelial_SELE; Z_Activated_endothelial_SELE; Score_ACKR1_high_endothelial; Z_ACKR1_high_endothelial; Score_Arterial_endothelial; Z_Arterial_endothelial; Endothelial_core_score; Endothelial_core_Z; Transferred_endothelial_state; endo_top_state; endo_top_score; endo_score_margin; Transferred_endothelial_state_refined; Transferred_endothelial_state_v2; AnchorScore_ACKR1_high; AnchorZ_ACKR1_high; AnchorScore_Activated_SELE; AnchorZ_Activated_SELE; AnchorScore_Arterial; AnchorZ_Arterial; broad_ACKR1_SELE_state","seurat_clusters",8,"0=1107; 1=956; 2=950; 3=784; 4=613; 5=97; 6=81; 7=39"
"GSE261085_L13_Seurat_GSE206528_signature_transfer.rds",4627,32151,"orig.ident; nCount_RNA; nFeature_RNA; dataset; sample_id; spatial_level; percent.mt; percent.ribo; spatial_x; spatial_y; RNA_snn_res.0.2; RNA_snn_res.0.4; RNA_snn_res.0.6; RNA_snn_res.0.8; seurat_clusters; broad_region; Score_Endothelial_general; Z_Endothelial_general; Score_Activated_endothelial_SELE; Z_Activated_endothelial_SELE; Score_ACKR1_high_endothelial; Z_ACKR1_high_endothelial; Score_Arterial_endothelial; Z_Arterial_endothelial; Endothelial_core_score; Endothelial_core_Z; Transferred_endothelial_state","seurat_clusters",8,"0=1107; 1=956; 2=950; 3=784; 4=613; 5=97; 6=81; 7=39"
"GSE261085_L13_Seurat_GSE206528_signature_transfer_refined.rds",4627,32151,"orig.ident; nCount_RNA; nFeature_RNA; dataset; sample_id; spatial_level; percent.mt; percent.ribo; spatial_x; spatial_y; RNA_snn_res.0.2; RNA_snn_res.0.4; RNA_snn_res.0.6; RNA_snn_res.0.8; seurat_clusters; broad_region; Score_Endothelial_general; Z_Endothelial_general; Score_Activated_endothelial_SELE; Z_Activated_endothelial_SELE; Score_ACKR1_high_endothelial; Z_ACKR1_high_endothelial; Score_Arterial_endothelial; Z_Arterial_endothelial; Endothelial_core_score; Endothelial_core_Z; Transferred_endothelial_state; endo_top_state; endo_top_score; endo_score_margin; Transferred_endothelial_state_refined","seurat_clusters",8,"0=1107; 1=956; 2=950; 3=784; 4=613; 5=97; 6=81; 7=39"
"GSE261085_L13_Seurat_PCA.rds",4627,32151,"orig.ident; nCount_RNA; nFeature_RNA; dataset; sample_id; spatial_level; percent.mt; percent.ribo; spatial_x; spatial_y",NA,NA,NA
"GSE261085_L13_Seurat_QC.rds",4627,32151,"orig.ident; nCount_RNA; nFeature_RNA; dataset; sample_id; spatial_level; percent.mt; percent.ribo; spatial_x; spatial_y",NA,NA,NA
"GSE261085_L13_Seurat_raw_with_coordinates.rds",4898,32151,"orig.ident; nCount_RNA; nFeature_RNA; dataset; sample_id; spatial_level; percent.mt; percent.ribo; spatial_x; spatial_y",NA,NA,NA
